reading_id,machine_id,timestamp,avg_fuel_consumption_rate,idle_fuel_consumption_pct,rpm_variance,coolant_temp_anomalies,productive_time_mins,idle_time_mins,vibration_anomalies,overload_cycles,over_speed_events,tire_pressure_deviations,error_code_frequency,battery_low_voltage_events,anomaly_score,is_anomaly
500469,32,2025-08-27 22:33:00+00:00,9.364,31.77,199.27,0,2,13,15,6,1,0,0,0,0.5474429507631193,0
500970,93,2025-08-27 22:33:00+00:00,11.187,27.43,162.92,0,3,12,17,6,0,0,0,0,0.43764391835396393,0
501471,149,2025-08-27 22:33:00+00:00,5.949,25.26,92.14,0,3,12,0,0,0,0,0,0,0.37049618517736554,0
500369,21,2025-08-27 22:36:00+00:00,8.386,20.38,216.36,0,3,12,23,13,0,0,0,0,0.4881252490335614,0
500870,67,2025-08-27 22:36:00+00:00,10.851,23.11,219.55,0,3,12,17,17,0,0,1,0,0.5528706156692392,0
501371,143,2025-08-27 22:36:00+00:00,11.427,22.33,50.81,0,3,12,0,0,0,0,0,0,0.36112908302367036,0
500269,20,2025-08-27 22:39:00+00:00,11.412,31.06,177.92,1,2,13,9,16,0,0,0,0,0.4863820235216982,0
500770,57,2025-08-27 22:39:00+00:00,4.819,25.03,187.94,0,3,12,17,12,0,0,0,0,0.44714773455107054,0
501271,131,2025-08-27 22:39:00+00:00,8.23,32.74,88.42,0,3,12,0,0,0,0,0,0,0.37253053283555093,0
500169,19,2025-08-27 22:42:00+00:00,13.413,28.81,130.35,0,2,13,20,6,0,0,0,0,0.461502236115794,0
500670,55,2025-08-27 22:42:00+00:00,5.951,23.24,202.57,0,2,13,24,6,0,1,0,0,0.5787661231019476,0
501171,129,2025-08-27 22:42:00+00:00,5.895,28.35,45.59,0,3,12,0,0,1,1,0,0,0.5418098574499578,0
500069,13,2025-08-27 22:45:00+00:00,9.784,28.49,212.73,0,2,13,14,14,1,0,0,0,0.5483808727613918,0
500570,43,2025-08-27 22:45:00+00:00,5.025,25.33,185.47,0,3,12,14,9,0,0,0,0,0.4399369774782988,0
501071,98,2025-08-27 22:45:00+00:00,7.037,24.61,73.67,0,2,13,0,0,0,0,0,0,0.36932227482359004,0
500470,32,2025-08-27 22:48:00+00:00,8.523,24.26,121.97,0,3,12,18,10,0,0,0,0,0.4378369893579527,0
500971,93,2025-08-27 22:48:00+00:00,12.785,27.08,40.79,0,2,13,0,0,0,0,0,0,0.374746325893808,0
501472,149,2025-08-27 22:48:00+00:00,5.554,22.45,46.46,0,3,12,0,1,0,0,0,0,0.3672301266153568,0
500370,21,2025-08-27 22:51:00+00:00,9.132,23.85,166.69,0,3,12,19,10,0,0,0,0,0.44088851883576446,0
500871,67,2025-08-27 22:51:00+00:00,10.521,30.02,79.53,0,2,13,0,0,0,0,0,0,0.3692921595919437,0
501372,143,2025-08-27 22:51:00+00:00,14.116,28.06,54.78,0,2,13,1,0,0,0,0,0,0.39576585818290294,0
500270,20,2025-08-27 22:54:00+00:00,11.334,33.67,212.99,0,3,12,18,9,0,0,0,0,0.4712101346773879,0
500771,57,2025-08-27 22:54:00+00:00,5.239,31.72,61.65,0,3,12,0,0,0,0,1,0,0.4834761736681038,0
501272,131,2025-08-27 22:54:00+00:00,10.086,27.19,51.89,0,3,12,0,0,0,0,0,0,0.3582659145333628,0
500170,19,2025-08-27 22:57:00+00:00,11.845,23.05,146.22,0,3,12,20,14,0,0,0,1,0.5574756733310091,0
500671,55,2025-08-27 22:57:00+00:00,5.493,29.89,68.33,0,3,12,1,0,0,1,0,0,0.4946838192562184,0
501172,129,2025-08-27 22:57:00+00:00,5.527,30.0,32.33,0,2,13,0,0,0,0,0,0,0.3787076749077886,0
500070,13,2025-08-27 23:00:00+00:00,9.794,31.69,216.14,0,3,12,12,12,0,0,0,0,0.4451446593326579,0
500571,43,2025-08-27 23:00:00+00:00,5.295,25.98,51.75,0,2,13,0,0,0,0,0,0,0.3705831406771137,0
501072,98,2025-08-27 23:00:00+00:00,7.672,22.21,44.09,0,3,12,0,0,0,0,0,0,0.3631846608423292,0
500471,32,2025-08-27 23:03:00+00:00,9.063,25.21,33.55,0,2,13,0,0,0,0,0,0,0.3684094706747047,0
500972,93,2025-08-27 23:03:00+00:00,12.062,32.16,51.98,0,2,13,1,0,0,0,0,0,0.38763189815049465,0
501473,149,2025-08-27 23:03:00+00:00,5.466,27.41,57.89,0,3,12,0,0,0,0,0,0,0.36597439196398784,0
500371,21,2025-08-27 23:06:00+00:00,9.085,24.68,39.31,0,3,12,0,0,0,0,0,0,0.36141058697551137,0
500872,67,2025-08-27 23:06:00+00:00,10.169,24.23,75.2,0,3,12,1,0,0,0,0,0,0.3757897324168768,0
501373,143,2025-08-27 23:06:00+00:00,13.692,29.2,55.76,0,2,13,0,0,0,1,0,0,0.49106223480285865,0
500271,20,2025-08-27 23:09:00+00:00,10.564,31.78,54.62,0,2,13,0,0,0,0,1,0,0.46796972579893736,0
500772,57,2025-08-27 23:09:00+00:00,5.403,26.94,48.44,0,2,13,0,0,0,0,0,0,0.37284325342467745,0
501273,131,2025-08-27 23:09:00+00:00,9.313,27.44,55.05,0,3,12,0,0,0,0,0,0,0.357574387315264,0
500171,19,2025-08-27 23:12:00+00:00,12.6,34.75,61.71,0,3,12,0,0,0,0,0,0,0.3734193884206145,0
500672,55,2025-08-27 23:12:00+00:00,5.125,24.96,45.85,0,3,12,0,0,0,0,0,0,0.3693794194826875,0
501173,129,2025-08-27 23:12:00+00:00,6.484,30.46,41.26,0,2,13,0,0,0,0,0,0,0.373564536484557,0
500071,13,2025-08-27 23:15:00+00:00,10.968,22.8,63.08,0,3,12,0,0,1,0,0,0,0.4672839620865063,0
500572,43,2025-08-27 23:15:00+00:00,5.56,29.49,66.3,0,2,13,0,0,0,1,0,0,0.4803363151476464,0
501073,98,2025-08-27 23:15:00+00:00,8.977,32.34,51.53,0,3,12,0,0,0,1,0,0,0.47190209003479505,0
500472,32,2025-08-27 23:18:00+00:00,9.312,20.28,34.37,0,3,12,0,1,0,0,0,0,0.3658328453684463,0
500973,93,2025-08-27 23:18:00+00:00,9.883,27.07,44.16,0,2,13,0,0,0,0,0,0,0.3660749180676568,0
501474,149,2025-08-27 23:18:00+00:00,6.69,24.67,32.94,0,2,13,0,0,0,0,0,0,0.3740844353025839,0
500372,21,2025-08-27 23:21:00+00:00,8.591,27.02,48.13,1,2,13,0,0,0,0,0,0,0.42778285166354696,0
500873,67,2025-08-27 23:21:00+00:00,10.648,26.78,50.18,0,3,12,0,0,0,0,0,0,0.35883960377126534,0
501374,143,2025-08-27 23:21:00+00:00,12.204,21.17,40.02,0,2,13,0,0,0,0,0,0,0.3748535677651812,0
500272,20,2025-08-27 23:24:00+00:00,12.693,22.5,70.89,0,3,12,1,0,0,0,0,0,0.3862680032918877,0
500773,57,2025-08-27 23:24:00+00:00,4.569,31.62,7.91,0,3,12,0,0,1,0,0,0,0.5176564625661116,0
501274,131,2025-08-27 23:24:00+00:00,8.337,28.17,93.03,0,2,13,0,1,0,0,0,0,0.37086373009248697,0
500172,19,2025-08-27 23:27:00+00:00,13.847,20.89,85.28,1,3,12,0,0,0,0,0,0,0.4386227980865564,0
500673,55,2025-08-27 23:27:00+00:00,7.1,29.21,27.44,0,3,12,0,0,0,1,0,0,0.47934822807314226,0
501174,129,2025-08-27 23:27:00+00:00,6.313,27.86,32.81,0,2,13,1,0,0,0,0,0,0.39801989765639006,0
500072,13,2025-08-27 23:30:00+00:00,10.551,33.87,43.21,0,2,13,0,0,0,0,0,0,0.3693643500039994,0
500573,43,2025-08-27 23:30:00+00:00,4.586,29.14,61.63,0,3,12,0,0,0,0,0,0,0.376900643383021,0
501074,98,2025-08-27 23:30:00+00:00,7.361,29.54,26.32,0,2,13,0,0,0,0,0,0,0.37926354986140803,0
500473,32,2025-08-27 23:33:00+00:00,8.817,21.5,29.44,0,3,12,0,0,0,0,0,0,0.370810050542626,0
500974,93,2025-08-27 23:33:00+00:00,9.059,27.93,27.22,0,2,13,0,0,0,0,0,0,0.37510184426358945,0
501475,149,2025-08-27 23:33:00+00:00,7.472,6.65,42.74,0,15,0,0,0,23,18,0,0,0.637180373675541,1
500373,21,2025-08-27 23:36:00+00:00,8.51,30.49,72.1,1,2,13,0,0,0,0,0,0,0.43061469363501603,0
500874,67,2025-08-27 23:36:00+00:00,10.899,25.79,50.74,0,3,12,0,0,0,0,0,0,0.35838762689308673,0
501375,143,2025-08-27 23:36:00+00:00,21.014,6.13,78.48,0,15,0,0,0,17,19,0,0,0.6599715956465829,1
500273,20,2025-08-27 23:39:00+00:00,11.257,29.68,61.65,0,2,13,0,0,0,0,0,0,0.3657068494929332,0
500774,57,2025-08-27 23:39:00+00:00,5.324,30.28,60.48,0,3,12,0,0,0,1,0,0,0.4769320700792789,0
501275,131,2025-08-27 23:39:00+00:00,12.532,7.5,28.12,0,15,0,0,0,22,19,0,0,0.6456483246042733,1
500173,19,2025-08-27 23:42:00+00:00,14.163,30.33,59.12,0,2,13,0,0,0,0,0,0,0.38026203513982615,0
500674,55,2025-08-27 23:42:00+00:00,5.989,22.93,37.73,0,3,12,1,0,0,0,0,0,0.3941220164560179,0
501175,129,2025-08-27 23:42:00+00:00,8.051,8.25,63.85,0,15,0,0,0,22,7,1,0,0.6891102090367582,1
500073,13,2025-08-27 23:45:00+00:00,11.553,32.83,53.96,0,3,12,0,0,1,0,0,0,0.47529153518748757,0
500574,43,2025-08-27 23:45:00+00:00,5.312,21.46,61.79,0,2,13,0,0,0,0,0,0,0.37487774222201437,0
501075,98,2025-08-27 23:45:00+00:00,11.133,6.68,87.77,0,15,0,0,1,12,11,0,0,0.6420738086631822,1
500474,32,2025-08-27 23:48:00+00:00,9.095,23.92,103.28,0,2,13,0,0,0,0,0,0,0.3754241379311385,0
500975,93,2025-08-27 23:48:00+00:00,19.749,3.44,55.51,0,15,0,0,0,10,18,0,0,0.6519897596595066,1
501476,149,2025-08-27 23:48:00+00:00,10.205,7.29,60.69,0,15,0,0,0,22,17,0,0,0.6356297281422716,1
500374,21,2025-08-27 23:51:00+00:00,9.579,29.83,28.07,0,3,12,0,0,1,0,0,0,0.4779088433973645,0
500875,67,2025-08-27 23:51:00+00:00,14.913,5.82,72.08,0,15,0,1,0,9,13,0,0,0.6798740539582077,1
501376,143,2025-08-27 23:51:00+00:00,17.434,9.67,21.17,0,15,0,1,0,23,15,0,0,0.6901195585649197,1
500274,20,2025-08-27 23:54:00+00:00,10.894,28.9,33.71,1,3,12,1,0,0,0,0,0,0.4489373348588699,0
500775,57,2025-08-27 23:54:00+00:00,7.923,7.02,79.03,0,15,0,0,0,21,6,0,0,0.6431806707637396,1
501276,131,2025-08-27 23:54:00+00:00,10.227,4.18,76.63,0,15,0,1,0,22,10,0,0,0.6666050799276005,1
500174,19,2025-08-27 23:57:00+00:00,16.64,23.3,44.81,0,3,12,0,0,0,0,0,0,0.3828695048796926,0
500675,55,2025-08-27 23:57:00+00:00,9.702,7.72,40.86,1,15,0,0,0,14,19,0,0,0.6545854958226843,1
501176,129,2025-08-27 23:57:00+00:00,7.659,3.93,56.03,0,15,0,0,0,16,11,0,0,0.6379617487315903,1
500074,13,2025-08-28 00:00:00+00:00,10.215,21.14,57.98,0,3,12,0,0,0,0,0,0,0.35921546320292386,0
500575,43,2025-08-28 00:00:00+00:00,7.443,7.72,69.74,0,15,0,0,0,22,13,0,0,0.6407861190171157,1
501076,98,2025-08-28 00:00:00+00:00,12.167,3.55,80.58,0,15,0,0,0,11,12,0,0,0.6440185889066823,1
500475,32,2025-08-28 00:03:00+00:00,12.61,5.97,70.15,0,15,0,0,0,16,15,0,0,0.6419447006818092,1
500976,93,2025-08-28 00:03:00+00:00,19.409,7.35,46.68,0,15,0,1,0,20,9,0,0,0.6831016453959747,1
501477,149,2025-08-28 00:03:00+00:00,9.561,4.75,10.28,0,15,0,0,0,9,6,0,0,0.6506354143423252,1
500375,21,2025-08-28 00:06:00+00:00,15.779,3.41,15.21,0,15,0,0,0,8,14,0,0,0.6617579049254302,1
500876,67,2025-08-28 00:06:00+00:00,17.441,6.76,68.4,0,15,0,0,0,24,17,0,0,0.6566180036546619,1
501377,143,2025-08-28 00:06:00+00:00,18.053,5.47,87.86,0,15,0,0,0,17,10,0,0,0.6614706460777152,1
500275,20,2025-08-28 00:09:00+00:00,18.058,3.1,60.79,0,15,0,0,0,20,14,0,0,0.6527940474917399,1
500776,57,2025-08-28 00:09:00+00:00,6.692,4.69,68.03,0,15,0,0,0,15,16,0,0,0.6416538001839498,1
501277,131,2025-08-28 00:09:00+00:00,11.786,7.07,62.39,0,15,0,0,0,23,15,0,0,0.6369181670369473,1
500175,19,2025-08-28 00:12:00+00:00,22.475,5.55,74.3,0,15,0,0,0,21,15,0,0,0.6598277705439114,1
500676,55,2025-08-28 00:12:00+00:00,9.734,3.56,54.8,0,15,0,0,0,20,15,0,0,0.6362878532792882,1
501177,129,2025-08-28 00:12:00+00:00,10.208,6.57,69.5,0,15,0,0,0,23,10,0,0,0.6389207073716234,1
500075,13,2025-08-28 00:15:00+00:00,18.366,3.88,71.95,0,15,0,0,0,8,7,0,0,0.6564419658141497,1
500576,43,2025-08-28 00:15:00+00:00,6.881,9.76,68.98,0,15,0,0,1,23,14,1,0,0.6918246562378663,1
501077,98,2025-08-28 00:15:00+00:00,11.14,8.48,21.77,0,15,0,0,0,10,6,1,0,0.6974280409399102,1
500476,32,2025-08-28 00:18:00+00:00,11.176,6.71,56.23,0,15,0,1,0,8,19,0,0,0.6643405398970625,1
500977,93,2025-08-28 00:18:00+00:00,16.679,4.64,44.66,0,15,0,0,0,17,11,0,0,0.64915332207505,1
501478,149,2025-08-28 00:18:00+00:00,7.603,5.14,69.69,0,15,0,1,0,18,7,0,0,0.666059048831385,1
500376,21,2025-08-28 00:21:00+00:00,12.728,7.69,60.74,0,15,0,0,0,15,11,0,0,0.6382061976545323,1
500877,67,2025-08-28 00:21:00+00:00,19.672,7.4,50.27,0,15,0,0,0,18,12,0,0,0.6507970203616509,1
501378,143,2025-08-28 00:21:00+00:00,19.576,8.58,47.42,0,15,0,0,1,22,6,0,0,0.6505768974178598,1
500276,20,2025-08-28 00:24:00+00:00,14.727,8.2,81.76,0,15,0,0,1,19,11,0,0,0.6521551122205234,1
500777,57,2025-08-28 00:24:00+00:00,6.832,5.71,45.91,0,15,0,1,0,16,15,0,0,0.6651871190924583,1
501278,131,2025-08-28 00:24:00+00:00,14.127,9.56,94.77,0,15,0,0,0,15,14,1,0,0.7014196271497946,1
500176,19,2025-08-28 00:27:00+00:00,19.684,6.9,83.55,0,15,0,0,0,24,10,0,0,0.6599715956465829,1
500677,55,2025-08-28 00:27:00+00:00,8.433,5.5,29.41,1,15,0,0,0,14,6,0,0,0.660299793834362,1
501178,129,2025-08-28 00:27:00+00:00,8.44,3.56,28.26,0,15,0,0,0,9,11,1,0,0.6987928931937114,1
500076,13,2025-08-28 00:30:00+00:00,14.335,3.9,51.2,0,15,0,0,0,8,11,0,0,0.6444761778332122,1
500577,43,2025-08-28 00:30:00+00:00,6.017,7.04,45.56,0,15,0,1,0,13,14,0,0,0.6645449770532554,1
501078,98,2025-08-28 00:30:00+00:00,13.415,9.9,25.29,0,15,0,0,1,17,19,0,0,0.6518557965693454,1
500477,32,2025-08-28 00:33:00+00:00,11.664,4.59,40.65,0,15,0,0,0,16,12,0,0,0.6359552413306097,1
500978,93,2025-08-28 00:33:00+00:00,13.987,8.63,26.17,1,15,0,0,0,13,19,0,0,0.6677514035771314,1
501479,149,2025-08-28 00:33:00+00:00,9.069,6.98,49.46,0,15,0,0,0,9,8,0,0,0.6346301122426635,1
500377,21,2025-08-28 00:36:00+00:00,15.175,7.35,39.28,0,15,0,0,1,12,19,0,0,0.6503235628658386,1
500878,67,2025-08-28 00:36:00+00:00,17.344,7.5,28.46,0,15,0,0,0,15,16,1,0,0.7136917268021339,1
501379,143,2025-08-28 00:36:00+00:00,20.379,9.97,81.02,0,15,0,0,1,13,6,0,0,0.65974836953167,1
500277,20,2025-08-28 00:39:00+00:00,15.932,5.31,75.81,0,15,0,0,0,17,10,0,0,0.6573772159624369,1
500778,57,2025-08-28 00:39:00+00:00,8.997,9.42,53.75,0,15,0,0,0,22,16,0,0,0.6360083427432522,1
501279,131,2025-08-28 00:39:00+00:00,10.709,5.78,58.8,0,15,0,0,0,12,12,0,0,0.6351679392844563,1
500177,19,2025-08-28 00:42:00+00:00,20.928,9.88,16.41,0,15,0,1,0,13,17,0,0,0.691054041578923,1
500678,55,2025-08-28 00:42:00+00:00,7.595,5.17,81.29,0,15,0,0,0,13,18,0,0,0.643325336019489,1
501179,129,2025-08-28 00:42:00+00:00,7.217,8.84,28.75,0,15,0,1,0,9,14,0,0,0.6704992178760965,1
500077,13,2025-08-28 00:45:00+00:00,19.69,4.03,67.46,0,15,0,0,0,11,11,0,0,0.6568401706090747,1
500578,43,2025-08-28 00:45:00+00:00,8.62,9.55,94.3,0,15,0,0,0,16,16,0,0,0.6457831494235379,1
501079,98,2025-08-28 00:45:00+00:00,9.699,3.21,75.16,0,15,0,0,0,24,7,0,0,0.6402637983932739,1
500478,32,2025-08-28 00:48:00+00:00,12.253,5.18,29.78,0,15,0,0,0,19,11,0,0,0.6429142727036268,1
500979,93,2025-08-28 00:48:00+00:00,17.037,8.83,70.57,0,15,0,0,0,13,19,0,0,0.6559519535588614,1
501480,149,2025-08-28 00:48:00+00:00,8.185,6.42,44.86,0,15,0,0,0,18,10,0,0,0.6345118918840813,1
500378,21,2025-08-28 00:51:00+00:00,11.879,4.45,90.11,0,15,0,0,0,10,9,0,1,0.6782908643329012,1
500879,67,2025-08-28 00:51:00+00:00,13.475,4.26,19.37,0,15,0,0,0,12,7,0,0,0.6518557965693454,1
501380,143,2025-08-28 00:51:00+00:00,21.172,4.51,82.83,0,15,0,0,0,13,18,0,0,0.6613125393322734,1
500278,20,2025-08-28 00:54:00+00:00,19.68,9.52,56.47,0,15,0,0,0,14,13,0,0,0.6517692332884146,1
500779,57,2025-08-28 00:54:00+00:00,7.153,9.3,62.05,0,15,0,1,0,12,15,0,0,0.6649201026904392,1
501280,131,2025-08-28 00:54:00+00:00,13.77,8.55,99.54,0,15,0,0,0,14,15,0,0,0.6537087233092043,1
500178,19,2025-08-28 00:57:00+00:00,16.011,5.88,27.23,0,15,0,0,0,24,8,0,0,0.6597415982191122,1
500679,55,2025-08-28 00:57:00+00:00,8.115,3.34,69.59,0,15,0,0,0,9,7,0,0,0.6388614899151139,1
501180,129,2025-08-28 00:57:00+00:00,10.099,6.53,92.9,0,15,0,0,0,23,18,0,0,0.6437874061559329,1
500078,13,2025-08-28 01:00:00+00:00,16.536,8.32,35.71,0,15,0,0,0,11,16,0,0,0.6539230340319676,1
500579,43,2025-08-28 01:00:00+00:00,7.278,5.81,37.68,0,15,0,0,0,13,17,0,0,0.6407303676493973,1
501080,98,2025-08-28 01:00:00+00:00,9.901,9.48,54.6,0,15,0,0,0,19,6,0,0,0.6362878532792882,1
500479,32,2025-08-28 01:03:00+00:00,12.831,8.54,29.89,0,15,0,0,0,9,8,0,0,0.6478868930338071,1
500980,93,2025-08-28 01:03:00+00:00,18.367,9.06,30.91,0,15,0,0,0,11,19,0,0,0.6584227375661387,1
501481,149,2025-08-28 01:03:00+00:00,9.412,3.65,70.43,0,15,0,0,1,15,14,0,0,0.6380567220500563,1
500379,21,2025-08-28 01:06:00+00:00,12.796,6.76,66.08,0,15,0,0,0,10,16,0,0,0.6405983268360593,1
500880,67,2025-08-28 01:06:00+00:00,14.835,7.83,47.41,0,15,0,0,0,20,17,0,0,0.6453488556665536,1
501381,143,2025-08-28 01:06:00+00:00,15.951,5.07,68.39,0,15,0,0,0,10,16,0,0,0.6557763436883336,1
500279,20,2025-08-28 01:09:00+00:00,13.429,7.24,26.14,0,15,0,0,1,21,17,2,0,0.7082832091620476,1
500780,57,2025-08-28 01:09:00+00:00,6.351,5.22,66.25,0,15,0,0,0,12,11,0,0,0.6394980950217922,1
501281,131,2025-08-28 01:09:00+00:00,11.942,4.2,64.64,0,15,0,0,0,16,8,0,0,0.6377806106541719,1
500179,19,2025-08-28 01:12:00+00:00,18.893,5.56,62.05,0,15,0,0,0,17,18,0,0,0.6527940474917399,1
500680,55,2025-08-28 01:12:00+00:00,9.855,6.35,22.66,0,15,0,0,0,18,8,0,0,0.6438261047647954,1
501181,129,2025-08-28 01:12:00+00:00,9.755,8.06,62.93,0,15,0,0,0,18,10,0,0,0.6368892512079906,1
500079,13,2025-08-28 01:15:00+00:00,15.953,3.61,65.05,0,15,0,0,0,22,16,0,0,0.6534701929324858,1
500580,43,2025-08-28 01:15:00+00:00,8.905,6.67,63.43,0,15,0,0,0,22,15,0,0,0.6366094764879748,1
501081,98,2025-08-28 01:15:00+00:00,11.69,3.97,47.9,0,15,0,1,0,10,17,0,0,0.6666477781682382,1
500480,32,2025-08-28 01:18:00+00:00,15.217,6.09,40.83,0,15,0,0,0,15,6,0,0,0.6487975319000655,1
500981,93,2025-08-28 01:18:00+00:00,13.241,9.34,74.66,0,15,0,0,0,11,9,0,0,0.6476160198413353,1
501482,149,2025-08-28 01:18:00+00:00,9.091,4.17,33.17,0,15,0,2,0,8,11,0,0,0.671927976539996,1
500380,21,2025-08-28 01:21:00+00:00,14.519,7.59,40.06,0,15,0,0,0,20,6,0,0,0.6476555999394873,1
500881,67,2025-08-28 01:21:00+00:00,17.447,9.74,57.74,0,15,0,0,0,19,6,0,0,0.6521318762819193,1
501382,143,2025-08-28 01:21:00+00:00,21.625,8.58,63.55,0,15,0,0,0,18,7,0,0,0.6549732747971776,1
500280,20,2025-08-28 01:24:00+00:00,13.509,4.46,23.63,0,15,0,0,0,22,19,0,0,0.6520763522291568,1
500781,57,2025-08-28 01:24:00+00:00,6.157,8.41,69.14,0,15,0,0,0,21,9,0,0,0.639766655627762,1
501282,131,2025-08-28 01:24:00+00:00,12.469,3.91,76.1,0,15,0,0,0,13,13,0,0,0.6439473459430325,1
500180,19,2025-08-28 01:27:00+00:00,19.692,4.36,59.05,0,15,0,0,0,9,13,0,0,0.6521318762819193,1
500681,55,2025-08-28 01:27:00+00:00,7.478,7.63,70.27,0,15,0,0,0,23,18,0,0,0.6407861190171157,1
501182,129,2025-08-28 01:27:00+00:00,8.71,5.46,91.91,0,15,0,0,0,13,15,0,0,0.645564722351111,1
500080,13,2025-08-28 01:30:00+00:00,15.413,5.57,16.49,0,15,0,0,0,14,6,0,0,0.6613103200150537,1
500581,43,2025-08-28 01:30:00+00:00,6.037,6.87,72.02,0,15,0,0,0,22,12,1,0,0.6918246562378663,1
501082,98,2025-08-28 01:30:00+00:00,12.832,9.3,45.47,0,15,0,0,0,9,13,0,0,0.6395769400429336,1
500481,32,2025-08-28 01:33:00+00:00,10.969,3.88,33.52,0,15,0,0,0,21,19,0,0,0.638119326452903,1
500982,93,2025-08-28 01:33:00+00:00,18.967,4.88,35.16,0,15,0,0,0,14,12,0,0,0.6555459109335499,1
501483,149,2025-08-28 01:33:00+00:00,7.205,3.36,33.55,0,15,0,0,0,16,7,0,0,0.640421092785993,1
500381,21,2025-08-28 01:36:00+00:00,14.266,3.42,39.31,0,15,0,0,0,8,9,0,0,0.6485204407995445,1
500882,67,2025-08-28 01:36:00+00:00,18.941,6.99,39.84,0,15,0,0,0,9,9,0,0,0.6537864164670147,1
501383,143,2025-08-28 01:36:00+00:00,19.161,7.52,44.39,0,15,0,0,0,17,16,0,0,0.6520194368045774,1
500281,20,2025-08-28 01:39:00+00:00,19.289,7.61,59.61,0,15,0,2,0,24,7,0,0,0.6849182254498858,1
500782,57,2025-08-28 01:39:00+00:00,6.276,6.23,46.04,0,15,0,0,0,11,14,0,0,0.6362318639148901,1
501283,131,2025-08-28 01:39:00+00:00,11.199,7.66,74.03,0,15,0,0,0,23,9,0,0,0.6413813318402004,1
500181,19,2025-08-28 01:42:00+00:00,19.29,4.14,65.28,0,15,0,1,0,16,14,0,0,0.6837609485653232,1
500682,55,2025-08-28 01:42:00+00:00,7.567,3.36,55.37,0,15,0,1,0,12,6,0,0,0.6658337637210047,1
501183,129,2025-08-28 01:42:00+00:00,7.306,3.69,59.3,0,15,0,0,0,17,16,0,0,0.6377012248232762,1
500081,13,2025-08-28 01:45:00+00:00,19.513,5.7,68.0,0,15,0,1,0,14,13,0,0,0.6846868214581331,1
500582,43,2025-08-28 01:45:00+00:00,7.318,9.37,58.31,0,15,0,0,1,22,10,0,0,0.6383167092705133,1
501083,98,2025-08-28 01:45:00+00:00,10.272,8.05,66.9,0,15,0,0,0,23,12,0,0,0.6391368864390232,1
500482,32,2025-08-28 01:48:00+00:00,12.886,5.98,76.34,0,15,0,0,0,18,16,0,0,0.6469053215190587,1
500983,93,2025-08-28 01:48:00+00:00,15.107,3.77,99.19,0,15,0,0,0,24,14,0,0,0.6557020629616754,1
501484,149,2025-08-28 01:48:00+00:00,8.225,4.75,52.07,0,15,0,0,0,19,14,1,1,0.7084631467692479,1
500382,21,2025-08-28 01:51:00+00:00,14.332,6.62,47.94,0,15,0,1,0,12,9,0,0,0.6768771401611711,1
500883,67,2025-08-28 01:51:00+00:00,16.241,7.14,57.94,0,15,0,0,0,9,7,0,0,0.6502974228198377,1
501384,143,2025-08-28 01:51:00+00:00,20.159,7.2,16.44,0,15,0,0,0,19,11,1,0,0.714622265265297,1
500282,20,2025-08-28 01:54:00+00:00,19.602,6.37,64.35,0,15,0,0,0,24,11,0,0,0.6540875822708366,1
500783,57,2025-08-28 01:54:00+00:00,6.314,4.63,64.76,0,15,0,0,0,16,17,0,0,0.6392369437170223,1
501284,131,2025-08-28 01:54:00+00:00,12.51,5.07,47.43,0,15,0,0,0,12,17,0,0,0.6370833696062549,1
500182,19,2025-08-28 01:57:00+00:00,21.016,5.77,37.9,0,15,0,0,0,12,12,0,0,0.6566556827200585,1
500683,55,2025-08-28 01:57:00+00:00,8.77,5.51,76.59,0,15,0,0,0,18,15,0,0,0.6422486184641795,1
501184,129,2025-08-28 01:57:00+00:00,7.294,8.02,33.06,0,15,0,0,0,11,11,1,0,0.695297519169578,1
500082,13,2025-08-28 02:00:00+00:00,16.743,9.47,89.66,0,15,0,0,0,17,19,0,0,0.6580405433361685,1
500583,43,2025-08-28 02:00:00+00:00,6.971,5.2,6.29,0,15,0,0,0,16,7,0,0,0.6547138182038129,1
501084,98,2025-08-28 02:00:00+00:00,12.527,8.22,36.63,0,15,0,0,0,21,18,0,0,0.6411535780830472,1
500483,32,2025-08-28 02:03:00+00:00,15.439,4.7,9.22,0,15,0,0,1,23,12,1,0,0.7166307163228111,1
500984,93,2025-08-28 02:03:00+00:00,14.93,3.07,51.6,0,15,0,0,0,8,17,0,0,0.6457856376144271,1
501485,149,2025-08-28 02:03:00+00:00,10.04,5.92,69.79,0,15,0,0,0,18,14,0,0,0.6389207073716234,1
500383,21,2025-08-28 02:06:00+00:00,12.268,4.56,40.05,0,15,0,0,0,14,11,0,0,0.6371841498414317,1
500884,67,2025-08-28 02:06:00+00:00,19.735,7.3,61.39,0,15,0,0,0,11,18,0,0,0.6527940474917399,1
501385,143,2025-08-28 02:06:00+00:00,19.472,6.33,39.96,0,15,0,0,0,15,16,0,0,0.6537864164670147,1
500283,20,2025-08-28 02:09:00+00:00,17.354,3.24,41.21,0,15,0,0,0,18,11,0,0,0.652902328878758,1
500784,57,2025-08-28 02:09:00+00:00,8.154,3.32,49.16,0,15,0,0,0,12,17,0,0,0.6350649732404785,1
501285,131,2025-08-28 02:09:00+00:00,10.293,8.09,84.09,0,15,0,0,0,9,18,0,0,0.6408018656056572,1
500183,19,2025-08-28 02:12:00+00:00,19.483,5.89,57.0,0,15,0,0,0,8,19,0,0,0.6517235071440461,1
500684,55,2025-08-28 02:12:00+00:00,9.236,9.1,15.31,0,15,0,0,0,10,7,0,0,0.6484872822209707,1
501185,129,2025-08-28 02:12:00+00:00,7.944,6.08,14.99,0,15,0,0,0,20,10,1,0,0.6999407511099062,1
500083,13,2025-08-28 02:15:00+00:00,15.605,4.69,45.5,0,15,0,0,0,15,8,0,0,0.6492709387842595,1
500584,43,2025-08-28 02:15:00+00:00,8.802,5.89,43.56,0,15,0,0,0,8,11,0,0,0.6359508964685332,1
501085,98,2025-08-28 02:15:00+00:00,11.111,6.11,49.62,0,15,0,1,0,13,8,0,0,0.6649483651087758,1
500484,32,2025-08-28 02:18:00+00:00,12.495,4.96,56.95,0,15,0,0,1,22,9,0,0,0.6378065488653836,1
500985,93,2025-08-28 02:18:00+00:00,18.369,4.55,63.26,0,15,0,0,0,17,9,0,0,0.6536451852405782,1
501486,149,2025-08-28 02:18:00+00:00,5.797,25.45,65.2,1,2,13,0,0,0,0,0,0,0.428285391523178,0
500384,21,2025-08-28 02:21:00+00:00,12.527,6.67,59.02,0,15,0,0,0,19,18,0,0,0.6382061976545323,1
500885,67,2025-08-28 02:21:00+00:00,18.215,8.97,56.41,0,15,0,0,0,8,17,0,0,0.6519897596595066,1
501386,143,2025-08-28 02:21:00+00:00,11.275,31.53,64.88,0,3,12,0,0,0,0,0,0,0.3649781000068338,0
500284,20,2025-08-28 02:24:00+00:00,15.446,6.37,47.77,0,15,0,0,0,22,15,0,0,0.6488643611836842,1
500785,57,2025-08-28 02:24:00+00:00,6.73,9.07,38.91,0,15,0,1,0,23,6,0,0,0.6691255265294646,1
501286,131,2025-08-28 02:24:00+00:00,8.083,21.24,43.84,1,3,12,0,0,0,0,0,0,0.4173050970389803,0
500184,19,2025-08-28 02:27:00+00:00,19.225,3.4,68.29,0,15,0,0,1,21,7,0,0,0.6563959118450985,1
500685,55,2025-08-28 02:27:00+00:00,9.374,3.77,73.98,0,15,0,0,0,17,13,1,0,0.6922304966812357,1
501186,129,2025-08-28 02:27:00+00:00,6.925,32.09,79.3,0,3,12,0,0,0,0,0,0,0.3717299370229535,0
500084,13,2025-08-28 02:30:00+00:00,16.719,5.28,61.74,0,15,0,0,1,23,17,1,0,0.7030661740285611,1
500585,43,2025-08-28 02:30:00+00:00,8.052,4.52,28.24,0,15,0,0,0,22,8,0,0,0.6425388067503582,1
501086,98,2025-08-28 02:30:00+00:00,8.263,26.29,31.3,0,3,12,1,1,0,0,0,0,0.38959901240731326,0
500485,32,2025-08-28 02:33:00+00:00,12.77,8.57,72.24,0,15,0,0,0,23,19,0,0,0.6419897407267641,1
500986,93,2025-08-28 02:33:00+00:00,12.151,24.85,95.67,0,3,12,0,0,0,0,0,0,0.3694692952438653,0
501487,149,2025-08-28 02:33:00+00:00,5.272,27.0,53.24,0,2,13,0,0,0,0,0,0,0.3711461907496349,0
500385,21,2025-08-28 02:36:00+00:00,14.367,5.06,33.16,0,15,0,0,0,17,12,0,0,0.6517488938998928,1
500886,67,2025-08-28 02:36:00+00:00,9.395,29.18,62.97,0,3,12,0,0,0,0,0,0,0.3589787253634209,0
501387,143,2025-08-28 02:36:00+00:00,13.937,18.07,10.19,0,3,12,0,1,0,0,0,0,0.41779628453010836,0
500285,20,2025-08-28 02:39:00+00:00,17.805,7.04,41.4,0,15,0,1,0,16,13,0,0,0.6839922993455998,1
500786,57,2025-08-28 02:39:00+00:00,5.327,23.28,63.91,0,2,13,0,1,0,0,0,0,0.3740895706828805,0
501287,131,2025-08-28 02:39:00+00:00,8.822,31.98,29.89,0,3,12,0,0,0,0,0,0,0.3740382431525113,0
500185,19,2025-08-28 02:42:00+00:00,17.472,4.86,59.53,0,15,0,0,0,17,18,1,0,0.7042563927317398,1
500686,55,2025-08-28 02:42:00+00:00,5.982,25.82,35.98,0,2,13,0,0,0,0,0,0,0.37400085209226364,0
501187,129,2025-08-28 02:42:00+00:00,6.057,26.49,60.46,0,3,12,0,0,0,0,0,0,0.36174093703744137,0
500085,13,2025-08-28 02:45:00+00:00,19.016,8.68,86.52,0,15,0,0,0,12,11,1,0,0.7103015288220781,1
500586,43,2025-08-28 02:45:00+00:00,4.811,23.17,64.65,0,2,13,0,0,0,0,0,0,0.37736040633285417,0
501087,98,2025-08-28 02:45:00+00:00,8.052,21.1,112.13,0,3,12,0,0,0,0,0,0,0.3728085925126313,0
500486,32,2025-08-28 02:48:00+00:00,8.423,16.66,37.72,0,3,12,0,0,0,0,0,0,0.37611689662553793,0
500987,93,2025-08-28 02:48:00+00:00,10.497,23.58,60.32,0,3,12,0,0,0,0,0,0,0.3588505687864904,0
501488,149,2025-08-28 02:48:00+00:00,6.486,29.32,51.66,0,3,12,0,0,0,0,0,0,0.36374570956916363,0
500386,21,2025-08-28 02:51:00+00:00,9.266,22.82,46.9,0,3,12,0,0,1,0,0,0,0.4674035276470442,0
500887,67,2025-08-28 02:51:00+00:00,11.243,29.77,76.57,0,3,12,0,0,0,1,0,0,0.47776394045293874,0
501388,143,2025-08-28 02:51:00+00:00,13.676,31.27,57.73,0,2,13,0,0,0,0,0,0,0.3775781522135234,0
500286,20,2025-08-28 02:54:00+00:00,10.228,29.63,35.4,0,3,12,0,0,0,0,0,0,0.3640387250216085,0
500787,57,2025-08-28 02:54:00+00:00,4.824,24.03,61.74,0,2,13,0,0,0,0,0,0,0.3755439079752297,0
501288,131,2025-08-28 02:54:00+00:00,8.678,27.89,82.04,0,2,13,0,0,0,0,0,0,0.3689926036770569,0
500186,19,2025-08-28 02:57:00+00:00,12.991,32.6,46.69,0,2,13,0,0,0,0,0,1,0.506980001251838,0
500687,55,2025-08-28 02:57:00+00:00,6.592,31.55,45.77,0,2,13,0,0,1,0,0,0,0.4817415365222392,0
501188,129,2025-08-28 02:57:00+00:00,5.485,27.88,43.03,0,2,13,0,0,0,0,0,0,0.37389194119475144,0
500086,13,2025-08-28 03:00:00+00:00,11.77,26.94,61.23,0,2,13,0,0,0,0,0,1,0.5001021906788795,0
500587,43,2025-08-28 03:00:00+00:00,5.257,24.32,68.1,0,2,13,1,0,0,0,1,0,0.5018122488765422,0
501088,98,2025-08-28 03:00:00+00:00,8.594,30.79,44.03,0,2,13,0,0,0,0,0,0,0.3686669092522591,0
500487,32,2025-08-28 03:03:00+00:00,9.518,29.48,93.32,0,3,12,0,0,0,0,0,0,0.3649874717058004,0
500988,93,2025-08-28 03:03:00+00:00,10.324,25.48,93.21,0,3,12,0,0,0,0,0,0,0.36359413811674474,0
501489,149,2025-08-28 03:03:00+00:00,6.103,24.69,66.75,0,3,12,0,0,0,0,0,0,0.3621767627768551,0
500387,21,2025-08-28 03:06:00+00:00,8.019,31.85,16.82,0,2,13,0,0,0,0,0,0,0.3888896528768539,0
500888,67,2025-08-28 03:06:00+00:00,11.711,24.56,46.37,0,2,13,0,0,0,0,0,0,0.3666125799764008,0
501389,143,2025-08-28 03:06:00+00:00,13.237,30.58,44.31,0,3,12,0,0,0,0,0,0,0.3722110806507133,0
500287,20,2025-08-28 03:09:00+00:00,11.462,29.51,5.0,0,2,13,0,0,0,0,0,0,0.4046827202313179,0
500788,57,2025-08-28 03:09:00+00:00,5.394,31.14,42.7,0,2,13,0,0,0,0,0,0,0.37839115030584536,0
501289,131,2025-08-28 03:09:00+00:00,8.35,30.69,51.13,0,2,13,0,0,0,0,1,0,0.4727693533548201,0
500187,19,2025-08-28 03:12:00+00:00,13.782,29.25,83.18,0,2,13,0,0,0,1,0,0,0.4948861684386185,0
500688,55,2025-08-28 03:12:00+00:00,6.249,21.07,75.1,0,2,13,0,0,0,0,0,0,0.37589719563969626,0
501189,129,2025-08-28 03:12:00+00:00,6.407,29.79,65.82,0,2,13,0,0,0,0,0,0,0.3696790811918401,0
500087,13,2025-08-28 03:15:00+00:00,11.997,24.05,55.66,0,3,12,0,0,0,0,0,0,0.3605882387757746,0
500588,43,2025-08-28 03:15:00+00:00,4.39,25.43,58.97,0,2,13,0,0,0,0,0,0,0.37891403908912413,0
501089,98,2025-08-28 03:15:00+00:00,8.072,24.6,45.26,0,3,12,0,0,0,1,0,0,0.46639019143910154,0
500488,32,2025-08-28 03:18:00+00:00,8.663,25.81,48.68,0,2,13,0,0,0,0,0,0,0.3634760568880187,0
500989,93,2025-08-28 03:18:00+00:00,12.566,27.04,34.02,0,3,12,0,1,0,0,0,0,0.37033822835755636,0
501490,149,2025-08-28 03:18:00+00:00,6.039,29.39,61.8,0,2,13,0,0,0,0,15,10,0.5753026988301856,0
500388,21,2025-08-28 03:21:00+00:00,9.0,26.63,53.52,0,3,12,0,0,0,0,0,0,0.35827638831405256,0
500889,67,2025-08-28 03:21:00+00:00,11.518,29.01,77.04,0,3,12,0,0,0,0,0,0,0.36468448509366796,0
501390,143,2025-08-28 03:21:00+00:00,13.338,31.43,27.49,0,3,12,0,0,0,0,16,13,0.5817984271146582,0
500288,20,2025-08-28 03:24:00+00:00,9.801,31.5,82.77,0,2,13,0,0,0,0,0,0,0.3717645839551208,0
500789,57,2025-08-28 03:24:00+00:00,4.345,23.63,73.31,0,2,13,0,0,0,0,0,0,0.385875056993933,0
501290,131,2025-08-28 03:24:00+00:00,7.847,31.06,46.25,0,3,12,0,0,0,0,24,11,0.5742431874888576,0
500188,19,2025-08-28 03:27:00+00:00,11.066,25.13,49.96,0,3,12,0,0,0,0,0,0,0.3586895404696774,0
500689,55,2025-08-28 03:27:00+00:00,5.425,25.78,41.18,0,2,13,0,0,0,0,0,0,0.3753369965465432,0
501190,129,2025-08-28 03:27:00+00:00,5.2,28.58,68.1,0,2,13,0,0,1,0,10,7,0.6280590857156898,1
500088,13,2025-08-28 03:30:00+00:00,9.465,25.88,91.04,0,3,12,0,0,0,0,0,0,0.363798985518485,0
500589,43,2025-08-28 03:30:00+00:00,4.449,18.42,37.64,0,2,13,0,0,0,0,0,0,0.39238731103229985,0
501090,98,2025-08-28 03:30:00+00:00,7.437,20.98,48.58,0,3,12,0,0,0,0,22,5,0.579788262278504,0
500489,32,2025-08-28 03:33:00+00:00,9.119,30.54,67.73,0,3,12,0,0,0,0,0,0,0.3619416502695786,0
500990,93,2025-08-28 03:33:00+00:00,11.113,28.32,74.71,0,2,13,0,0,0,0,22,6,0.5744573997573009,0
501491,149,2025-08-28 03:33:00+00:00,6.275,19.89,41.28,0,3,12,0,1,0,0,22,9,0.584233290367426,0
500389,21,2025-08-28 03:36:00+00:00,9.413,34.72,94.41,0,3,12,0,0,0,0,0,0,0.3738826151290593,0
500890,67,2025-08-28 03:36:00+00:00,12.034,25.38,55.55,0,3,12,0,0,0,0,18,9,0.5737400895756436,0
501391,143,2025-08-28 03:36:00+00:00,13.245,24.55,36.5,1,2,13,1,1,0,0,10,14,0.6216190377275637,1
500289,20,2025-08-28 03:39:00+00:00,9.989,22.59,52.15,0,3,12,0,0,0,1,0,0,0.47225500001293036,0
500790,57,2025-08-28 03:39:00+00:00,5.364,27.98,74.02,0,2,13,0,0,0,1,15,5,0.6202317553206788,1
501291,131,2025-08-28 03:39:00+00:00,8.04,22.69,56.76,0,3,12,0,0,0,0,15,15,0.579101384715427,0
500189,19,2025-08-28 03:42:00+00:00,13.854,21.27,73.44,0,3,12,0,0,0,0,0,0,0.381918212719144,0
500690,55,2025-08-28 03:42:00+00:00,6.563,27.67,74.1,0,2,13,0,1,0,0,20,7,0.5771929369390221,0
501191,129,2025-08-28 03:42:00+00:00,6.348,26.87,49.31,0,3,12,0,0,0,0,16,7,0.5753234551209264,0
500089,13,2025-08-28 03:45:00+00:00,10.525,28.39,62.53,0,3,12,0,0,0,0,0,0,0.35895813666539833,0
500590,43,2025-08-28 03:45:00+00:00,5.261,29.2,36.74,0,3,12,0,0,0,0,24,6,0.5836600096916609,0
501091,98,2025-08-28 03:45:00+00:00,8.371,22.44,37.3,0,3,12,0,1,0,0,10,12,0.582601269346854,0
500490,32,2025-08-28 03:48:00+00:00,9.3,23.55,69.61,0,2,13,0,0,0,0,15,13,0.5777611455332026,0
500991,93,2025-08-28 03:48:00+00:00,11.75,23.46,63.16,0,3,12,0,0,0,0,22,6,0.5755699039261383,0
501492,149,2025-08-28 03:48:00+00:00,6.878,27.67,42.51,0,2,13,0,0,0,0,16,8,0.5750275810637826,0
500390,21,2025-08-28 03:51:00+00:00,9.399,28.52,80.35,0,2,13,0,0,0,0,10,14,0.5741453134357432,0
500891,67,2025-08-28 03:51:00+00:00,10.279,24.18,51.2,0,3,12,0,1,0,0,15,13,0.5712920961365205,0
501392,143,2025-08-28 03:51:00+00:00,14.901,26.9,48.25,0,2,13,0,0,0,0,12,5,0.578222081133379,0
500290,20,2025-08-28 03:54:00+00:00,10.771,31.27,79.81,0,2,13,0,0,0,0,23,11,0.5748007375737456,0
500791,57,2025-08-28 03:54:00+00:00,5.159,30.78,60.61,0,3,12,0,0,0,0,15,8,0.5826725928928805,0
501292,131,2025-08-28 03:54:00+00:00,7.653,29.76,36.55,0,3,12,0,0,0,0,16,9,0.5778642496314539,0
500190,19,2025-08-28 03:57:00+00:00,12.791,32.67,66.67,0,3,12,0,0,0,0,11,9,0.5744260861058573,0
500691,55,2025-08-28 03:57:00+00:00,5.648,23.7,72.01,0,3,12,0,0,0,0,24,10,0.5869159367329401,0
501192,129,2025-08-28 03:57:00+00:00,5.863,21.16,81.66,0,3,12,0,0,0,0,16,7,0.5848042294306061,0
500090,13,2025-08-28 04:00:00+00:00,10.658,23.31,53.82,0,3,12,0,0,0,0,15,15,0.5730332920831357,0
500591,43,2025-08-28 04:00:00+00:00,5.472,28.69,55.41,0,2,13,0,0,0,0,15,11,0.5750917084802366,0
501092,98,2025-08-28 04:00:00+00:00,8.233,28.56,70.32,0,3,12,0,0,0,1,11,9,0.6098662413414813,1
500491,32,2025-08-28 04:03:00+00:00,8.522,35.55,69.46,0,2,13,0,0,0,0,21,12,0.5775614377277404,0
500992,93,2025-08-28 04:03:00+00:00,11.388,29.71,36.67,0,2,13,0,0,0,0,17,9,0.5730160688167012,0
501493,149,2025-08-28 04:03:00+00:00,6.285,30.99,37.31,0,2,13,0,0,0,0,13,11,0.5768356311667397,0
500391,21,2025-08-28 04:06:00+00:00,9.66,28.66,71.77,0,3,12,0,0,0,0,12,5,0.5716148023252186,0
500892,67,2025-08-28 04:06:00+00:00,12.015,32.4,49.58,0,2,13,0,0,0,0,16,12,0.5709997705596683,0
501393,143,2025-08-28 04:06:00+00:00,12.734,24.89,77.83,0,3,12,0,0,0,0,20,9,0.5754113685193148,0
500291,20,2025-08-28 04:09:00+00:00,10.999,32.38,65.94,0,2,13,0,0,0,0,13,11,0.5730653323024318,0
500792,57,2025-08-28 04:09:00+00:00,5.16,21.97,53.81,0,2,13,0,1,0,1,20,6,0.6176475939732645,1
501293,131,2025-08-28 04:09:00+00:00,6.877,28.28,43.97,0,2,13,0,0,0,0,11,10,0.573587297883323,0
500191,19,2025-08-28 04:12:00+00:00,13.122,21.56,81.19,0,2,13,0,0,0,0,12,8,0.5824534436599048,0
500692,55,2025-08-28 04:12:00+00:00,6.896,32.61,45.79,0,2,13,0,0,0,0,13,5,0.5722578773337501,0
501193,129,2025-08-28 04:12:00+00:00,5.443,32.67,66.8,0,3,12,0,0,0,0,19,9,0.5825573747215178,0
500091,13,2025-08-28 04:15:00+00:00,9.932,27.43,47.2,0,2,13,0,0,0,0,17,7,0.5703894486897545,0
500592,43,2025-08-28 04:15:00+00:00,4.938,25.6,50.42,0,3,12,0,0,0,0,19,7,0.5822244915892701,0
501093,98,2025-08-28 04:15:00+00:00,7.877,30.0,52.9,0,3,12,1,0,0,0,22,12,0.5884082073155644,0
500492,32,2025-08-28 04:18:00+00:00,9.329,26.64,63.76,0,2,13,0,0,0,0,24,5,0.5717385668719999,0
500993,93,2025-08-28 04:18:00+00:00,10.296,24.56,53.67,0,3,12,0,0,0,0,15,13,0.5714853930372639,0
501494,149,2025-08-28 04:18:00+00:00,6.038,29.82,46.76,0,3,12,0,0,0,1,19,5,0.6100759379752405,1
500392,21,2025-08-28 04:21:00+00:00,8.481,24.22,64.78,0,3,12,0,0,0,0,22,13,0.5759853641080177,0
500893,67,2025-08-28 04:21:00+00:00,11.034,21.16,61.19,0,2,13,0,0,0,0,16,8,0.5793398226626283,0
501394,143,2025-08-28 04:21:00+00:00,13.206,23.77,56.77,0,2,13,0,0,0,0,16,15,0.5792701520866577,0
500292,20,2025-08-28 04:24:00+00:00,12.854,21.41,39.83,0,3,12,0,1,0,0,20,11,0.5797186113492564,0
500793,57,2025-08-28 04:24:00+00:00,5.828,31.93,61.16,0,2,13,0,0,0,0,13,8,0.5767487870172767,0
501294,131,2025-08-28 04:24:00+00:00,8.239,27.14,5.0,0,3,12,0,0,0,1,14,10,0.6281422439345646,1
500192,19,2025-08-28 04:27:00+00:00,13.616,16.52,57.2,0,2,13,0,0,0,0,11,15,0.5885118520561063,0
500693,55,2025-08-28 04:27:00+00:00,6.587,29.37,49.86,0,3,12,0,0,0,0,14,6,0.5728945872978852,0
501194,129,2025-08-28 04:27:00+00:00,6.743,24.04,53.23,0,2,13,1,0,0,0,19,11,0.5902639964287916,0
500092,13,2025-08-28 04:30:00+00:00,11.573,20.23,91.28,0,2,13,0,1,0,0,14,14,0.5853499401738459,0
500593,43,2025-08-28 04:30:00+00:00,5.667,28.58,64.04,0,2,13,0,0,0,0,11,15,0.5775895392693853,0
501094,98,2025-08-28 04:30:00+00:00,7.763,27.01,54.11,0,3,12,0,0,0,0,18,13,0.5744456791297095,0
500493,32,2025-08-28 04:33:00+00:00,9.687,28.8,112.2,0,2,13,0,0,0,0,8,15,0.5765884276242097,0
500994,93,2025-08-28 04:33:00+00:00,10.571,24.4,57.26,0,3,12,1,0,0,0,16,13,0.5865833476492053,0
501495,149,2025-08-28 04:33:00+00:00,6.918,34.84,24.35,0,2,13,0,0,0,0,16,12,0.5851266778947077,0
500393,21,2025-08-28 04:36:00+00:00,8.56,33.0,58.79,0,2,13,0,0,0,0,12,9,0.5714980753572124,0
500894,67,2025-08-28 04:36:00+00:00,9.531,25.98,64.73,0,3,12,0,0,0,0,22,9,0.5727391575259051,0
501395,143,2025-08-28 04:36:00+00:00,11.85,31.7,93.8,0,2,13,0,0,0,0,14,15,0.5759442016484259,0
500293,20,2025-08-28 04:39:00+00:00,12.153,28.2,63.19,0,3,12,0,0,0,0,18,14,0.57170967638142,0
500794,57,2025-08-28 04:39:00+00:00,4.9,24.79,43.21,0,3,12,0,0,0,0,11,10,0.5872674056001344,0
501295,131,2025-08-28 04:39:00+00:00,8.064,32.63,49.35,0,3,12,0,0,0,0,15,9,0.5742100114499504,0
500193,19,2025-08-28 04:42:00+00:00,13.285,22.95,5.0,0,3,12,0,0,0,1,11,15,0.6367752584571669,1
500694,55,2025-08-28 04:42:00+00:00,6.201,29.22,50.21,0,2,13,0,0,0,0,17,15,0.5729706671793151,0
501195,129,2025-08-28 04:42:00+00:00,6.292,27.65,71.56,0,3,12,0,0,0,0,12,10,0.5770992111990535,0
500093,13,2025-08-28 04:45:00+00:00,9.85,27.7,43.17,0,3,12,0,0,0,0,20,6,0.5712193494180786,0
500594,43,2025-08-28 04:45:00+00:00,4.371,31.51,64.75,1,2,13,0,0,0,0,10,14,0.6129130318309027,1
501095,98,2025-08-28 04:45:00+00:00,7.488,19.11,25.52,0,3,12,0,0,0,0,8,12,0.5913856427752494,0
500494,32,2025-08-28 04:48:00+00:00,9.818,30.34,94.52,0,2,13,0,0,0,0,19,6,0.5747989223733807,0
500995,93,2025-08-28 04:48:00+00:00,9.681,28.9,71.89,1,3,12,0,0,0,0,14,11,0.600927563261904,0
501496,149,2025-08-28 04:48:00+00:00,6.26,32.46,43.52,0,3,12,0,0,0,0,0,0,0.372510142465216,0
500394,21,2025-08-28 04:51:00+00:00,7.936,29.46,42.76,0,2,13,0,0,1,0,19,10,0.62414971954689,1
500895,67,2025-08-28 04:51:00+00:00,11.021,25.19,34.62,0,3,12,0,0,0,0,15,13,0.5759474999370549,0
501396,143,2025-08-28 04:51:00+00:00,13.453,25.45,58.97,0,3,12,0,0,0,0,0,0,0.3699529688286469,0
500294,20,2025-08-28 04:54:00+00:00,10.805,24.88,68.92,0,2,13,0,0,0,0,10,5,0.5760351101252519,0
500795,57,2025-08-28 04:54:00+00:00,4.894,34.02,39.34,0,3,12,0,0,0,0,16,6,0.5875039988054492,0
501296,131,2025-08-28 04:54:00+00:00,7.26,25.21,28.95,0,3,12,0,0,0,0,0,0,0.3721226595321469,0
500194,19,2025-08-28 04:57:00+00:00,13.729,28.66,49.27,0,3,12,0,0,0,0,21,10,0.5742327304925224,0
500695,55,2025-08-28 04:57:00+00:00,6.385,25.59,47.56,0,3,12,0,0,0,0,23,5,0.5767017405871242,0
501196,129,2025-08-28 04:57:00+00:00,6.052,26.96,41.23,0,3,12,0,0,0,0,0,0,0.367028412349986,0
500094,13,2025-08-28 05:00:00+00:00,10.358,25.95,58.14,0,3,12,0,0,0,0,10,11,0.573097390936515,0
500595,43,2025-08-28 05:00:00+00:00,4.576,33.29,47.92,0,3,12,0,0,0,0,10,7,0.5846814981094653,0
501096,98,2025-08-28 05:00:00+00:00,8.059,19.29,29.74,0,3,12,0,0,0,0,0,0,0.3756564796865595,0
500495,32,2025-08-28 05:03:00+00:00,10.929,18.01,18.24,0,3,12,0,0,0,0,14,8,0.5886627374057901,0
500996,93,2025-08-28 05:03:00+00:00,9.86,32.62,49.12,0,3,12,0,0,0,0,0,0,0.3637558530744732,0
501497,149,2025-08-28 05:03:00+00:00,6.262,31.18,72.93,0,2,13,0,0,0,1,0,0,0.48036977436375455,0
500395,21,2025-08-28 05:06:00+00:00,8.624,25.74,26.08,0,3,12,0,0,0,0,12,10,0.5841645096647329,0
500896,67,2025-08-28 05:06:00+00:00,12.936,27.95,44.27,0,2,13,0,0,0,0,0,0,0.37341415371776776,0
501397,143,2025-08-28 05:06:00+00:00,14.724,28.88,115.83,1,3,12,0,0,0,0,0,0,0.44218048530162224,0
500295,20,2025-08-28 05:09:00+00:00,11.62,25.14,75.87,0,2,13,0,0,0,0,14,7,0.5773367604449651,0
500796,57,2025-08-28 05:09:00+00:00,5.128,22.29,67.89,0,2,13,0,0,0,0,0,0,0.3774834656573021,0
501297,131,2025-08-28 05:09:00+00:00,7.901,27.44,46.66,0,3,12,1,0,0,0,0,0,0.3808563595523278,0
500195,19,2025-08-28 05:12:00+00:00,12.638,28.42,59.38,0,3,12,0,0,0,0,22,15,0.5720918017491471,0
500696,55,2025-08-28 05:12:00+00:00,5.697,32.25,34.58,0,2,13,0,0,0,0,0,0,0.37797929812609543,0
501197,129,2025-08-28 05:12:00+00:00,5.785,28.62,60.2,0,2,13,0,0,0,0,0,0,0.36842831752632016,0
500095,13,2025-08-28 05:15:00+00:00,9.906,33.03,46.58,0,2,13,0,0,0,0,23,5,0.570118363198172,0
500596,43,2025-08-28 05:15:00+00:00,4.976,22.95,66.88,0,3,12,0,1,0,0,0,0,0.37093080486381685,0
501097,98,2025-08-28 05:15:00+00:00,8.209,24.58,26.67,0,2,13,0,0,0,0,0,0,0.37602498004695917,0
500496,32,2025-08-28 05:18:00+00:00,8.876,24.27,53.12,0,3,12,0,0,0,0,0,0,0.3571673384181161,0
500997,93,2025-08-28 05:18:00+00:00,12.045,21.84,45.29,0,2,13,0,0,0,0,1,0,0.4810061117614775,0
501498,149,2025-08-28 05:18:00+00:00,6.009,23.31,49.74,0,3,12,0,0,0,1,0,0,0.47160460556600325,0
500396,21,2025-08-28 05:21:00+00:00,10.27,23.22,16.33,0,3,12,0,0,0,0,0,0,0.37855087390958975,0
500897,67,2025-08-28 05:21:00+00:00,12.053,20.87,67.77,0,3,12,0,0,0,0,0,0,0.3657644183904455,0
501398,143,2025-08-28 05:21:00+00:00,14.684,28.73,35.68,0,2,13,0,0,0,0,0,0,0.38529468842407893,0
500296,20,2025-08-28 05:24:00+00:00,12.011,27.28,90.56,0,3,12,0,0,0,0,0,0,0.36892924458106485,0
500797,57,2025-08-28 05:24:00+00:00,4.77,31.09,35.25,0,2,13,0,0,0,0,0,0,0.38523879046169457,0
501298,131,2025-08-28 05:24:00+00:00,7.357,19.81,55.35,0,3,12,0,0,0,0,0,0,0.3639021534933715,0
500196,19,2025-08-28 05:27:00+00:00,14.011,24.91,43.73,0,2,13,0,0,0,0,0,0,0.38019374901405434,0
500697,55,2025-08-28 05:27:00+00:00,6.977,30.2,81.25,0,3,12,0,0,0,1,0,0,0.47355049038098473,0
501198,129,2025-08-28 05:27:00+00:00,5.745,35.21,65.34,0,3,12,0,0,0,0,0,0,0.3772245667783522,0
500096,13,2025-08-28 05:30:00+00:00,11.211,25.46,102.27,0,3,12,0,0,0,0,0,0,0.369292786844322,0
500597,43,2025-08-28 05:30:00+00:00,4.526,19.59,92.95,0,2,13,0,0,0,0,0,0,0.391777286350237,0
501098,98,2025-08-28 05:30:00+00:00,8.274,25.43,27.34,0,3,12,0,0,0,0,0,0,0.3717549815709114,0
500497,32,2025-08-28 05:33:00+00:00,8.807,26.61,74.61,0,2,13,0,0,0,1,0,0,0.477334557730298,0
500998,93,2025-08-28 05:33:00+00:00,10.4,26.33,59.25,0,2,13,0,0,0,0,0,0,0.36246715445004396,0
501499,149,2025-08-28 05:33:00+00:00,6.505,16.9,52.13,0,3,12,0,0,0,0,0,0,0.37401517831296827,0
500397,21,2025-08-28 05:36:00+00:00,8.964,30.42,46.89,0,2,13,0,0,0,0,0,0,0.366359858052868,0
500898,67,2025-08-28 05:36:00+00:00,11.756,31.37,42.7,0,3,12,1,0,0,0,0,0,0.3882085164279795,0
501399,143,2025-08-28 05:36:00+00:00,11.738,32.27,47.12,0,3,12,0,0,0,0,0,0,0.36723707595806276,0
500297,20,2025-08-28 05:39:00+00:00,10.999,27.37,43.79,0,2,13,0,0,0,0,0,0,0.3670407099644971,0
500798,57,2025-08-28 05:39:00+00:00,4.628,30.38,77.08,0,3,12,0,0,0,0,0,0,0.3817241700641266,0
501299,131,2025-08-28 05:39:00+00:00,8.132,18.0,58.76,0,3,12,0,0,0,0,0,0,0.3682492804873851,0
500197,19,2025-08-28 05:42:00+00:00,13.373,28.21,13.76,0,3,12,0,0,0,0,1,0,0.496683831949661,0
500698,55,2025-08-28 05:42:00+00:00,5.985,28.65,22.58,0,2,13,0,0,0,0,0,0,0.3854651283048782,0
501199,129,2025-08-28 05:42:00+00:00,5.588,22.19,31.3,0,2,13,0,0,0,0,0,0,0.37989857606862737,0
500097,13,2025-08-28 05:45:00+00:00,11.561,25.54,56.24,0,2,13,0,0,0,0,0,0,0.36341077498417523,0
500598,43,2025-08-28 05:45:00+00:00,4.702,28.94,86.99,0,3,12,0,0,0,0,0,0,0.38055828447448126,0
501099,98,2025-08-28 05:45:00+00:00,7.714,26.15,32.57,0,3,12,0,0,0,0,1,0,0.4744947378631435,0
500498,32,2025-08-28 05:48:00+00:00,8.413,26.47,42.24,0,2,13,0,0,0,0,0,0,0.367680528592698,0
500999,93,2025-08-28 05:48:00+00:00,11.403,32.24,76.48,0,2,13,0,0,0,0,0,0,0.3714218015284107,0
500398,21,2025-08-28 05:51:00+00:00,9.288,28.28,51.71,0,3,12,0,0,0,0,0,0,0.3578917348413975,0
500899,67,2025-08-28 05:51:00+00:00,10.658,27.04,54.95,0,3,12,0,0,0,0,0,0,0.358510105916397,0
500298,20,2025-08-28 05:54:00+00:00,11.363,29.93,57.22,0,2,13,0,0,0,0,0,0,0.3654981494378948,0
500799,57,2025-08-28 05:54:00+00:00,4.807,33.14,47.1,1,2,13,1,0,0,0,0,0,0.46152373653160933,0
500198,19,2025-08-28 05:57:00+00:00,12.217,23.6,16.78,0,2,13,0,0,0,0,1,0,0.4900005744292244,0
500699,55,2025-08-28 05:57:00+00:00,5.626,31.39,56.94,0,2,13,0,0,0,0,0,0,0.3716681409691016,0
500098,13,2025-08-28 06:00:00+00:00,10.13,30.66,73.42,0,2,13,0,0,0,0,0,0,0.36792828622468626,0
500599,43,2025-08-28 06:00:00+00:00,4.692,26.83,38.46,0,3,12,0,1,0,0,0,0,0.37846435398147377,0
500499,32,2025-08-28 06:03:00+00:00,9.59,24.45,44.09,0,3,12,0,0,0,0,0,0,0.35890286517632275,0
500399,21,2025-08-28 06:06:00+00:00,9.388,31.3,35.7,0,2,13,0,0,0,0,0,0,0.3697959651850992,0
500299,20,2025-08-28 06:09:00+00:00,10.901,21.25,64.36,0,3,12,0,0,0,0,0,0,0.3603811040670231,0
500199,19,2025-08-28 06:12:00+00:00,14.252,26.5,58.77,0,2,13,0,0,0,0,0,0,0.3803705905143666,0
500099,13,2025-08-28 06:15:00+00:00,9.951,24.78,65.57,0,3,12,1,0,0,0,0,0,0.37530739751207404,0
