machine_id,company_id,date,UQS
1,1,2024-01-01,68.84
1,1,2024-02-01,72.92
1,1,2024-03-01,74.9
1,1,2024-04-01,73.19
1,1,2024-05-01,75.06
1,1,2024-06-01,72.46
1,1,2024-07-01,71.72
1,1,2024-08-01,74.8
1,1,2024-09-01,72.18
1,1,2024-10-01,73.85
1,1,2024-11-01,70.22
1,1,2024-12-01,74.94
1,1,2025-01-01,73.29
1,1,2025-02-01,71.77
1,1,2025-03-01,69.98
1,1,2025-04-01,75.73
1,1,2025-05-01,72.82
1,1,2025-06-01,73.63
1,1,2025-07-01,68.29
1,1,2025-08-01,69.57
2,1,2024-01-01,75.25
2,1,2024-02-01,75.98
2,1,2024-03-01,77.77
2,1,2024-04-01,77.59
2,1,2024-05-01,75.42
2,1,2024-06-01,74.81
2,1,2024-07-01,75.09
2,1,2024-08-01,74.35
2,1,2024-09-01,72.32
2,1,2024-10-01,74.51
2,1,2024-11-01,72.54
2,1,2024-12-01,75.91
2,1,2025-01-01,77.43
2,1,2025-02-01,75.89
2,1,2025-03-01,73.04
2,1,2025-04-01,77.18
2,1,2025-05-01,75.9
2,1,2025-06-01,76.88
2,1,2025-07-01,72.6
2,1,2025-08-01,74.06
3,1,2024-01-01,74.16
3,1,2024-02-01,76.12
3,1,2024-03-01,76.57
3,1,2024-04-01,76.51
3,1,2024-05-01,78.39
3,1,2024-06-01,75.48
3,1,2024-07-01,77.24
3,1,2024-08-01,75.8
3,1,2024-09-01,72.7
3,1,2024-10-01,74.16
3,1,2024-11-01,75.82
3,1,2024-12-01,75.49
3,1,2025-01-01,73.4
3,1,2025-02-01,74.04
3,1,2025-03-01,74.18
3,1,2025-04-01,75.6
3,1,2025-05-01,72.36
3,1,2025-06-01,77.39
3,1,2025-07-01,71.22
3,1,2025-08-01,76.75
4,1,2024-01-01,73.69
4,1,2024-02-01,79.0
4,1,2024-03-01,75.02
4,1,2024-04-01,74.89
4,1,2024-05-01,77.85
4,1,2024-06-01,76.59
4,1,2024-07-01,74.7
4,1,2024-08-01,74.03
4,1,2024-09-01,73.9
4,1,2024-10-01,75.38
4,1,2024-11-01,74.91
4,1,2024-12-01,77.02
4,1,2025-01-01,74.6
4,1,2025-02-01,79.01
4,1,2025-03-01,75.74
4,1,2025-04-01,77.28
4,1,2025-05-01,73.35
4,1,2025-06-01,77.54
4,1,2025-07-01,74.23
4,1,2025-08-01,75.79
5,1,2024-01-01,76.06
5,1,2024-02-01,76.82
5,1,2024-03-01,76.81
5,1,2024-04-01,76.79
5,1,2024-05-01,76.34
5,1,2024-06-01,77.18
5,1,2024-07-01,74.87
5,1,2024-08-01,74.26
5,1,2024-09-01,75.42
5,1,2024-10-01,76.73
5,1,2024-11-01,75.02
5,1,2024-12-01,72.09
5,1,2025-01-01,76.22
5,1,2025-02-01,76.82
5,1,2025-03-01,76.61
5,1,2025-04-01,78.7
5,1,2025-05-01,75.62
5,1,2025-06-01,77.58
5,1,2025-07-01,71.06
5,1,2025-08-01,74.23
6,1,2024-01-01,73.1
6,1,2024-02-01,78.48
6,1,2024-03-01,77.98
6,1,2024-04-01,77.23
6,1,2024-05-01,77.15
6,1,2024-06-01,76.17
6,1,2024-07-01,74.3
6,1,2024-08-01,73.96
6,1,2024-09-01,74.85
6,1,2024-10-01,76.86
6,1,2024-11-01,75.07
6,1,2024-12-01,78.02
6,1,2025-01-01,77.14
6,1,2025-02-01,76.29
6,1,2025-03-01,76.75
6,1,2025-04-01,79.03
6,1,2025-05-01,77.38
6,1,2025-06-01,76.8
6,1,2025-07-01,75.06
6,1,2025-08-01,75.53
7,1,2024-01-01,76.9
7,1,2024-02-01,81.53
7,1,2024-03-01,76.06
7,1,2024-04-01,75.95
7,1,2024-05-01,74.7
7,1,2024-06-01,78.09
7,1,2024-07-01,75.4
7,1,2024-08-01,76.05
7,1,2024-09-01,77.82
7,1,2024-10-01,75.6
7,1,2024-11-01,73.63
7,1,2024-12-01,77.44
7,1,2025-01-01,75.72
7,1,2025-02-01,77.8
7,1,2025-03-01,78.71
7,1,2025-04-01,75.98
7,1,2025-05-01,77.26
7,1,2025-06-01,77.31
7,1,2025-07-01,69.82
7,1,2025-08-01,76.4
8,1,2024-01-01,78.02
8,1,2024-02-01,77.93
8,1,2024-03-01,79.19
8,1,2024-04-01,79.33
8,1,2024-05-01,77.46
8,1,2024-06-01,79.53
8,1,2024-07-01,81.06
8,1,2024-08-01,79.49
8,1,2024-09-01,75.98
8,1,2024-10-01,76.76
8,1,2024-11-01,74.39
8,1,2024-12-01,76.96
8,1,2025-01-01,77.67
8,1,2025-02-01,79.67
8,1,2025-03-01,77.95
8,1,2025-04-01,80.5
8,1,2025-05-01,77.15
8,1,2025-06-01,79.05
8,1,2025-07-01,77.56
8,1,2025-08-01,78.65
9,1,2024-01-01,76.81
9,1,2024-02-01,74.44
9,1,2024-03-01,78.82
9,1,2024-04-01,77.87
9,1,2024-05-01,75.27
9,1,2024-06-01,78.48
9,1,2024-07-01,74.8
9,1,2024-08-01,74.5
9,1,2024-09-01,72.41
9,1,2024-10-01,76.8
9,1,2024-11-01,74.97
9,1,2024-12-01,73.6
9,1,2025-01-01,74.61
9,1,2025-02-01,74.59
9,1,2025-03-01,74.7
9,1,2025-04-01,73.75
9,1,2025-05-01,72.22
9,1,2025-06-01,78.78
9,1,2025-07-01,72.87
9,1,2025-08-01,74.06
10,2,2024-01-01,70.86
10,2,2024-02-01,69.32
10,2,2024-03-01,67.55
10,2,2024-04-01,66.68
10,2,2024-05-01,72.08
10,2,2024-06-01,69.32
10,2,2024-07-01,67.28
10,2,2024-08-01,67.71
10,2,2024-09-01,67.95
10,2,2024-10-01,67.25
10,2,2024-11-01,70.74
10,2,2024-12-01,70.75
10,2,2025-01-01,69.15
10,2,2025-02-01,71.19
10,2,2025-03-01,67.99
10,2,2025-04-01,69.97
10,2,2025-05-01,70.47
10,2,2025-06-01,67.97
10,2,2025-07-01,69.62
10,2,2025-08-01,70.63
11,2,2024-01-01,71.29
11,2,2024-02-01,72.14
11,2,2024-03-01,71.79
11,2,2024-04-01,65.98
11,2,2024-05-01,71.77
11,2,2024-06-01,69.71
11,2,2024-07-01,69.86
11,2,2024-08-01,71.12
11,2,2024-09-01,69.86
11,2,2024-10-01,71.79
11,2,2024-11-01,70.67
11,2,2024-12-01,70.71
11,2,2025-01-01,69.15
11,2,2025-02-01,72.08
11,2,2025-03-01,68.93
11,2,2025-04-01,70.3
11,2,2025-05-01,70.16
11,2,2025-06-01,69.21
11,2,2025-07-01,72.23
11,2,2025-08-01,69.65
12,2,2024-01-01,66.86
12,2,2024-02-01,71.6
12,2,2024-03-01,69.14
12,2,2024-04-01,73.17
12,2,2024-05-01,72.82
12,2,2024-06-01,70.55
12,2,2024-07-01,71.92
12,2,2024-08-01,71.19
12,2,2024-09-01,68.55
12,2,2024-10-01,69.94
12,2,2024-11-01,73.8
12,2,2024-12-01,73.11
12,2,2025-01-01,69.75
12,2,2025-02-01,69.89
12,2,2025-03-01,69.21
12,2,2025-04-01,72.57
12,2,2025-05-01,73.94
12,2,2025-06-01,73.43
12,2,2025-07-01,73.52
12,2,2025-08-01,71.43
13,2,2024-01-01,70.97
13,2,2024-02-01,72.01
13,2,2024-03-01,71.6
13,2,2024-04-01,71.36
13,2,2024-05-01,74.0
13,2,2024-06-01,75.68
13,2,2024-07-01,70.2
13,2,2024-08-01,70.98
13,2,2024-09-01,69.0
13,2,2024-10-01,69.95
13,2,2024-11-01,68.69
13,2,2024-12-01,69.71
13,2,2025-01-01,70.59
13,2,2025-02-01,72.56
13,2,2025-03-01,74.37
13,2,2025-04-01,69.86
13,2,2025-05-01,69.08
13,2,2025-06-01,70.11
13,2,2025-07-01,72.94
13,2,2025-08-01,72.81
14,2,2024-01-01,72.25
14,2,2024-02-01,70.95
14,2,2024-03-01,73.77
14,2,2024-04-01,69.65
14,2,2024-05-01,69.66
14,2,2024-06-01,70.04
14,2,2024-07-01,73.92
14,2,2024-08-01,70.23
14,2,2024-09-01,70.03
14,2,2024-10-01,72.82
14,2,2024-11-01,71.35
14,2,2024-12-01,72.85
14,2,2025-01-01,70.67
14,2,2025-02-01,71.77
14,2,2025-03-01,73.5
14,2,2025-04-01,74.52
14,2,2025-05-01,72.56
14,2,2025-06-01,68.66
14,2,2025-07-01,71.55
14,2,2025-08-01,72.11
15,2,2024-01-01,67.79
15,2,2024-02-01,68.27
15,2,2024-03-01,69.7
15,2,2024-04-01,66.47
15,2,2024-05-01,71.35
15,2,2024-06-01,69.52
15,2,2024-07-01,66.54
15,2,2024-08-01,68.36
15,2,2024-09-01,67.2
15,2,2024-10-01,67.16
15,2,2024-11-01,68.02
15,2,2024-12-01,68.33
15,2,2025-01-01,69.34
15,2,2025-02-01,68.79
15,2,2025-03-01,69.18
15,2,2025-04-01,68.5
15,2,2025-05-01,66.03
15,2,2025-06-01,67.63
15,2,2025-07-01,70.22
15,2,2025-08-01,67.92
16,2,2024-01-01,70.86
16,2,2024-02-01,74.81
16,2,2024-03-01,73.07
16,2,2024-04-01,72.45
16,2,2024-05-01,73.31
16,2,2024-06-01,73.75
16,2,2024-07-01,72.93
16,2,2024-08-01,71.44
16,2,2024-09-01,69.38
16,2,2024-10-01,71.72
16,2,2024-11-01,70.98
16,2,2024-12-01,72.01
16,2,2025-01-01,74.1
16,2,2025-02-01,70.69
16,2,2025-03-01,72.79
16,2,2025-04-01,75.78
16,2,2025-05-01,70.62
16,2,2025-06-01,71.53
16,2,2025-07-01,73.8
16,2,2025-08-01,73.65
17,3,2024-01-01,83.06
17,3,2024-02-01,89.11
17,3,2024-03-01,86.04
17,3,2024-04-01,84.52
17,3,2024-05-01,85.87
17,3,2024-06-01,82.47
17,3,2024-07-01,82.01
17,3,2024-08-01,82.33
17,3,2024-09-01,82.97
17,3,2024-10-01,81.94
17,3,2024-11-01,84.09
17,3,2024-12-01,82.24
17,3,2025-01-01,82.54
17,3,2025-02-01,83.37
17,3,2025-03-01,87.34
17,3,2025-04-01,85.28
17,3,2025-05-01,85.65
17,3,2025-06-01,85.66
17,3,2025-07-01,84.79
17,3,2025-08-01,85.56
18,3,2024-01-01,85.77
18,3,2024-02-01,83.55
18,3,2024-03-01,84.2
18,3,2024-04-01,82.17
18,3,2024-05-01,83.85
18,3,2024-06-01,83.39
18,3,2024-07-01,81.68
18,3,2024-08-01,80.65
18,3,2024-09-01,82.68
18,3,2024-10-01,79.77
18,3,2024-11-01,79.62
18,3,2024-12-01,81.39
18,3,2025-01-01,81.17
18,3,2025-02-01,82.45
18,3,2025-03-01,86.46
18,3,2025-04-01,85.87
18,3,2025-05-01,83.78
18,3,2025-06-01,83.5
18,3,2025-07-01,84.29
18,3,2025-08-01,82.25
19,3,2024-01-01,77.38
19,3,2024-02-01,78.61
19,3,2024-03-01,80.01
19,3,2024-04-01,78.32
19,3,2024-05-01,81.67
19,3,2024-06-01,80.56
19,3,2024-07-01,74.93
19,3,2024-08-01,78.4
19,3,2024-09-01,77.94
19,3,2024-10-01,76.07
19,3,2024-11-01,76.32
19,3,2024-12-01,75.51
19,3,2025-01-01,78.43
19,3,2025-02-01,78.41
19,3,2025-03-01,81.6
19,3,2025-04-01,81.21
19,3,2025-05-01,80.53
19,3,2025-06-01,79.04
19,3,2025-07-01,78.33
19,3,2025-08-01,78.2
20,3,2024-01-01,81.93
20,3,2024-02-01,80.14
20,3,2024-03-01,82.0
20,3,2024-04-01,81.66
20,3,2024-05-01,83.99
20,3,2024-06-01,83.51
20,3,2024-07-01,81.71
20,3,2024-08-01,83.19
20,3,2024-09-01,83.58
20,3,2024-10-01,80.14
20,3,2024-11-01,81.16
20,3,2024-12-01,83.84
20,3,2025-01-01,82.12
20,3,2025-02-01,84.53
20,3,2025-03-01,85.78
20,3,2025-04-01,83.49
20,3,2025-05-01,86.22
20,3,2025-06-01,85.82
20,3,2025-07-01,83.64
20,3,2025-08-01,82.47
21,3,2024-01-01,82.4
21,3,2024-02-01,85.36
21,3,2024-03-01,84.23
21,3,2024-04-01,84.59
21,3,2024-05-01,82.87
21,3,2024-06-01,85.78
21,3,2024-07-01,79.44
21,3,2024-08-01,80.63
21,3,2024-09-01,79.71
21,3,2024-10-01,80.94
21,3,2024-11-01,80.15
21,3,2024-12-01,84.55
21,3,2025-01-01,84.42
21,3,2025-02-01,84.39
21,3,2025-03-01,84.07
21,3,2025-04-01,84.21
21,3,2025-05-01,81.47
21,3,2025-06-01,83.06
21,3,2025-07-01,81.95
21,3,2025-08-01,80.17
22,3,2024-01-01,86.89
22,3,2024-02-01,82.89
22,3,2024-03-01,87.34
22,3,2024-04-01,85.71
22,3,2024-05-01,84.26
22,3,2024-06-01,84.51
22,3,2024-07-01,81.26
22,3,2024-08-01,80.86
22,3,2024-09-01,82.69
22,3,2024-10-01,81.68
22,3,2024-11-01,82.43
22,3,2024-12-01,83.88
22,3,2025-01-01,82.76
22,3,2025-02-01,88.02
22,3,2025-03-01,84.25
22,3,2025-04-01,87.59
22,3,2025-05-01,81.14
22,3,2025-06-01,85.11
22,3,2025-07-01,85.07
22,3,2025-08-01,81.56
23,3,2024-01-01,85.28
23,3,2024-02-01,83.13
23,3,2024-03-01,88.75
23,3,2024-04-01,85.76
23,3,2024-05-01,85.69
23,3,2024-06-01,87.23
23,3,2024-07-01,82.11
23,3,2024-08-01,81.67
23,3,2024-09-01,82.18
23,3,2024-10-01,82.93
23,3,2024-11-01,84.56
23,3,2024-12-01,82.08
23,3,2025-01-01,83.58
23,3,2025-02-01,86.86
23,3,2025-03-01,83.19
23,3,2025-04-01,86.68
23,3,2025-05-01,81.88
23,3,2025-06-01,84.6
23,3,2025-07-01,84.67
23,3,2025-08-01,84.23
24,3,2024-01-01,84.22
24,3,2024-02-01,82.3
24,3,2024-03-01,83.71
24,3,2024-04-01,79.91
24,3,2024-05-01,79.03
24,3,2024-06-01,80.15
24,3,2024-07-01,81.45
24,3,2024-08-01,80.46
24,3,2024-09-01,80.79
24,3,2024-10-01,77.53
24,3,2024-11-01,82.98
24,3,2024-12-01,80.24
24,3,2025-01-01,82.86
24,3,2025-02-01,79.98
24,3,2025-03-01,81.87
24,3,2025-04-01,83.19
24,3,2025-05-01,80.71
24,3,2025-06-01,83.75
24,3,2025-07-01,83.18
24,3,2025-08-01,76.72
25,4,2024-01-01,74.73
25,4,2024-02-01,75.75
25,4,2024-03-01,77.47
25,4,2024-04-01,74.63
25,4,2024-05-01,73.57
25,4,2024-06-01,77.07
25,4,2024-07-01,77.19
25,4,2024-08-01,77.0
25,4,2024-09-01,76.74
25,4,2024-10-01,76.6
25,4,2024-11-01,73.93
25,4,2024-12-01,76.32
25,4,2025-01-01,77.91
25,4,2025-02-01,74.78
25,4,2025-03-01,75.46
25,4,2025-04-01,77.75
25,4,2025-05-01,74.69
25,4,2025-06-01,77.54
25,4,2025-07-01,75.49
25,4,2025-08-01,73.27
26,4,2024-01-01,72.8
26,4,2024-02-01,76.08
26,4,2024-03-01,74.94
26,4,2024-04-01,75.47
26,4,2024-05-01,76.64
26,4,2024-06-01,73.8
26,4,2024-07-01,75.73
26,4,2024-08-01,77.17
26,4,2024-09-01,70.5
26,4,2024-10-01,73.7
26,4,2024-11-01,75.41
26,4,2024-12-01,76.38
26,4,2025-01-01,77.42
26,4,2025-02-01,74.81
26,4,2025-03-01,75.1
26,4,2025-04-01,76.39
26,4,2025-05-01,73.4
26,4,2025-06-01,76.57
26,4,2025-07-01,74.35
26,4,2025-08-01,75.85
27,4,2024-01-01,80.06
27,4,2024-02-01,79.17
27,4,2024-03-01,81.36
27,4,2024-04-01,79.03
27,4,2024-05-01,79.2
27,4,2024-06-01,79.81
27,4,2024-07-01,78.85
27,4,2024-08-01,79.48
27,4,2024-09-01,78.91
27,4,2024-10-01,76.18
27,4,2024-11-01,78.37
27,4,2024-12-01,77.25
27,4,2025-01-01,76.39
27,4,2025-02-01,76.96
27,4,2025-03-01,76.8
27,4,2025-04-01,77.78
27,4,2025-05-01,76.31
27,4,2025-06-01,81.39
27,4,2025-07-01,77.47
27,4,2025-08-01,77.69
28,4,2024-01-01,75.81
28,4,2024-02-01,72.42
28,4,2024-03-01,74.84
28,4,2024-04-01,75.03
28,4,2024-05-01,74.41
28,4,2024-06-01,74.43
28,4,2024-07-01,75.2
28,4,2024-08-01,72.8
28,4,2024-09-01,73.25
28,4,2024-10-01,75.15
28,4,2024-11-01,73.28
28,4,2024-12-01,72.13
28,4,2025-01-01,72.15
28,4,2025-02-01,73.26
28,4,2025-03-01,74.29
28,4,2025-04-01,75.84
28,4,2025-05-01,77.59
28,4,2025-06-01,75.82
28,4,2025-07-01,73.63
28,4,2025-08-01,70.78
29,4,2024-01-01,76.26
29,4,2024-02-01,75.52
29,4,2024-03-01,75.23
29,4,2024-04-01,77.09
29,4,2024-05-01,75.22
29,4,2024-06-01,75.35
29,4,2024-07-01,75.97
29,4,2024-08-01,75.96
29,4,2024-09-01,71.92
29,4,2024-10-01,75.83
29,4,2024-11-01,75.28
29,4,2024-12-01,75.08
29,4,2025-01-01,76.57
29,4,2025-02-01,74.79
29,4,2025-03-01,75.58
29,4,2025-04-01,74.27
29,4,2025-05-01,75.17
29,4,2025-06-01,74.15
29,4,2025-07-01,74.77
29,4,2025-08-01,73.73
30,4,2024-01-01,72.73
30,4,2024-02-01,74.87
30,4,2024-03-01,76.13
30,4,2024-04-01,73.74
30,4,2024-05-01,73.77
30,4,2024-06-01,72.97
30,4,2024-07-01,74.18
30,4,2024-08-01,71.93
30,4,2024-09-01,73.91
30,4,2024-10-01,73.24
30,4,2024-11-01,71.75
30,4,2024-12-01,71.64
30,4,2025-01-01,72.48
30,4,2025-02-01,72.66
30,4,2025-03-01,73.17
30,4,2025-04-01,73.48
30,4,2025-05-01,72.4
30,4,2025-06-01,72.39
30,4,2025-07-01,76.06
30,4,2025-08-01,72.04
31,4,2024-01-01,73.93
31,4,2024-02-01,75.4
31,4,2024-03-01,77.2
31,4,2024-04-01,75.23
31,4,2024-05-01,76.29
31,4,2024-06-01,72.23
31,4,2024-07-01,72.66
31,4,2024-08-01,73.67
31,4,2024-09-01,73.04
31,4,2024-10-01,69.98
31,4,2024-11-01,73.84
31,4,2024-12-01,73.91
31,4,2025-01-01,72.7
31,4,2025-02-01,73.04
31,4,2025-03-01,74.74
31,4,2025-04-01,75.78
31,4,2025-05-01,75.48
31,4,2025-06-01,75.75
31,4,2025-07-01,76.87
31,4,2025-08-01,72.84
32,4,2024-01-01,73.37
32,4,2024-02-01,77.4
32,4,2024-03-01,75.0
32,4,2024-04-01,74.6
32,4,2024-05-01,78.62
32,4,2024-06-01,75.05
32,4,2024-07-01,75.61
32,4,2024-08-01,76.07
32,4,2024-09-01,75.04
32,4,2024-10-01,75.24
32,4,2024-11-01,74.4
32,4,2024-12-01,75.98
32,4,2025-01-01,75.59
32,4,2025-02-01,75.14
32,4,2025-03-01,76.38
32,4,2025-04-01,77.06
32,4,2025-05-01,73.08
32,4,2025-06-01,75.92
32,4,2025-07-01,76.04
32,4,2025-08-01,71.82
33,4,2024-01-01,77.55
33,4,2024-02-01,76.7
33,4,2024-03-01,75.84
33,4,2024-04-01,77.14
33,4,2024-05-01,77.29
33,4,2024-06-01,77.1
33,4,2024-07-01,73.84
33,4,2024-08-01,73.39
33,4,2024-09-01,76.18
33,4,2024-10-01,77.8
33,4,2024-11-01,78.34
33,4,2024-12-01,75.81
33,4,2025-01-01,76.45
33,4,2025-02-01,73.11
33,4,2025-03-01,77.92
33,4,2025-04-01,75.82
33,4,2025-05-01,77.76
33,4,2025-06-01,75.75
33,4,2025-07-01,76.71
33,4,2025-08-01,73.66
34,5,2024-01-01,76.22
34,5,2024-02-01,75.85
34,5,2024-03-01,78.38
34,5,2024-04-01,78.66
34,5,2024-05-01,77.05
34,5,2024-06-01,80.54
34,5,2024-07-01,77.22
34,5,2024-08-01,77.04
34,5,2024-09-01,74.46
34,5,2024-10-01,76.86
34,5,2024-11-01,75.32
34,5,2024-12-01,78.37
34,5,2025-01-01,77.79
34,5,2025-02-01,74.93
34,5,2025-03-01,76.49
34,5,2025-04-01,75.91
34,5,2025-05-01,76.88
34,5,2025-06-01,78.04
34,5,2025-07-01,77.71
34,5,2025-08-01,77.01
35,5,2024-01-01,76.92
35,5,2024-02-01,78.17
35,5,2024-03-01,78.84
35,5,2024-04-01,77.61
35,5,2024-05-01,75.66
35,5,2024-06-01,74.65
35,5,2024-07-01,75.13
35,5,2024-08-01,72.73
35,5,2024-09-01,72.83
35,5,2024-10-01,75.21
35,5,2024-11-01,74.79
35,5,2024-12-01,73.6
35,5,2025-01-01,76.09
35,5,2025-02-01,79.48
35,5,2025-03-01,77.57
35,5,2025-04-01,77.65
35,5,2025-05-01,75.6
35,5,2025-06-01,78.27
35,5,2025-07-01,77.13
35,5,2025-08-01,75.87
36,5,2024-01-01,73.01
36,5,2024-02-01,75.77
36,5,2024-03-01,76.6
36,5,2024-04-01,77.77
36,5,2024-05-01,77.84
36,5,2024-06-01,77.27
36,5,2024-07-01,76.6
36,5,2024-08-01,77.82
36,5,2024-09-01,71.19
36,5,2024-10-01,71.75
36,5,2024-11-01,74.13
36,5,2024-12-01,73.98
36,5,2025-01-01,76.23
36,5,2025-02-01,78.06
36,5,2025-03-01,78.52
36,5,2025-04-01,76.86
36,5,2025-05-01,77.89
36,5,2025-06-01,76.68
36,5,2025-07-01,76.81
36,5,2025-08-01,73.89
37,5,2024-01-01,74.77
37,5,2024-02-01,75.54
37,5,2024-03-01,73.06
37,5,2024-04-01,74.9
37,5,2024-05-01,76.22
37,5,2024-06-01,74.25
37,5,2024-07-01,76.09
37,5,2024-08-01,72.89
37,5,2024-09-01,70.84
37,5,2024-10-01,70.89
37,5,2024-11-01,72.94
37,5,2024-12-01,75.08
37,5,2025-01-01,74.93
37,5,2025-02-01,73.84
37,5,2025-03-01,75.9
37,5,2025-04-01,72.56
37,5,2025-05-01,76.14
37,5,2025-06-01,74.62
37,5,2025-07-01,72.42
37,5,2025-08-01,75.91
38,5,2024-01-01,79.91
38,5,2024-02-01,79.94
38,5,2024-03-01,83.96
38,5,2024-04-01,80.75
38,5,2024-05-01,79.77
38,5,2024-06-01,78.21
38,5,2024-07-01,81.25
38,5,2024-08-01,76.98
38,5,2024-09-01,76.53
38,5,2024-10-01,77.5
38,5,2024-11-01,78.4
38,5,2024-12-01,76.72
38,5,2025-01-01,80.57
38,5,2025-02-01,80.86
38,5,2025-03-01,83.99
38,5,2025-04-01,80.73
38,5,2025-05-01,77.67
38,5,2025-06-01,77.79
38,5,2025-07-01,79.64
38,5,2025-08-01,79.29
39,5,2024-01-01,76.34
39,5,2024-02-01,81.0
39,5,2024-03-01,80.58
39,5,2024-04-01,82.64
39,5,2024-05-01,79.32
39,5,2024-06-01,80.02
39,5,2024-07-01,80.84
39,5,2024-08-01,79.54
39,5,2024-09-01,73.62
39,5,2024-10-01,77.64
39,5,2024-11-01,75.37
39,5,2024-12-01,76.46
39,5,2025-01-01,78.81
39,5,2025-02-01,79.98
39,5,2025-03-01,78.51
39,5,2025-04-01,82.86
39,5,2025-05-01,79.36
39,5,2025-06-01,80.57
39,5,2025-07-01,78.59
39,5,2025-08-01,80.55
40,5,2024-01-01,75.2
40,5,2024-02-01,75.55
40,5,2024-03-01,77.65
40,5,2024-04-01,75.69
40,5,2024-05-01,76.76
40,5,2024-06-01,78.87
40,5,2024-07-01,74.39
40,5,2024-08-01,74.7
40,5,2024-09-01,69.53
40,5,2024-10-01,74.05
40,5,2024-11-01,74.31
40,5,2024-12-01,73.01
40,5,2025-01-01,73.38
40,5,2025-02-01,76.07
40,5,2025-03-01,76.43
40,5,2025-04-01,77.4
40,5,2025-05-01,76.64
40,5,2025-06-01,76.0
40,5,2025-07-01,74.33
40,5,2025-08-01,72.39
41,6,2024-01-01,72.84
41,6,2024-02-01,75.34
41,6,2024-03-01,71.36
41,6,2024-04-01,74.55
41,6,2024-05-01,69.69
41,6,2024-06-01,73.28
41,6,2024-07-01,72.55
41,6,2024-08-01,74.1
41,6,2024-09-01,74.08
41,6,2024-10-01,71.42
41,6,2024-11-01,74.9
41,6,2024-12-01,69.71
41,6,2025-01-01,73.73
41,6,2025-02-01,72.34
41,6,2025-03-01,74.17
41,6,2025-04-01,71.99
41,6,2025-05-01,75.39
41,6,2025-06-01,71.81
41,6,2025-07-01,71.8
41,6,2025-08-01,72.49
42,6,2024-01-01,77.05
42,6,2024-02-01,78.76
42,6,2024-03-01,75.85
42,6,2024-04-01,76.06
42,6,2024-05-01,75.06
42,6,2024-06-01,76.06
42,6,2024-07-01,77.12
42,6,2024-08-01,74.12
42,6,2024-09-01,75.39
42,6,2024-10-01,73.61
42,6,2024-11-01,76.79
42,6,2024-12-01,78.11
42,6,2025-01-01,77.6
42,6,2025-02-01,79.46
42,6,2025-03-01,75.24
42,6,2025-04-01,77.25
42,6,2025-05-01,77.59
42,6,2025-06-01,76.95
42,6,2025-07-01,76.85
42,6,2025-08-01,75.06
43,6,2024-01-01,75.67
43,6,2024-02-01,75.86
43,6,2024-03-01,75.73
43,6,2024-04-01,76.9
43,6,2024-05-01,77.59
43,6,2024-06-01,78.43
43,6,2024-07-01,75.08
43,6,2024-08-01,76.62
43,6,2024-09-01,75.05
43,6,2024-10-01,76.96
43,6,2024-11-01,75.51
43,6,2024-12-01,76.87
43,6,2025-01-01,78.22
43,6,2025-02-01,77.54
43,6,2025-03-01,79.58
43,6,2025-04-01,76.77
43,6,2025-05-01,78.37
43,6,2025-06-01,75.13
43,6,2025-07-01,77.66
43,6,2025-08-01,77.92
44,6,2024-01-01,74.32
44,6,2024-02-01,77.42
44,6,2024-03-01,75.51
44,6,2024-04-01,77.24
44,6,2024-05-01,73.25
44,6,2024-06-01,77.12
44,6,2024-07-01,74.76
44,6,2024-08-01,75.2
44,6,2024-09-01,74.37
44,6,2024-10-01,73.93
44,6,2024-11-01,71.09
44,6,2024-12-01,75.53
44,6,2025-01-01,76.81
44,6,2025-02-01,74.08
44,6,2025-03-01,75.06
44,6,2025-04-01,75.45
44,6,2025-05-01,76.82
44,6,2025-06-01,75.92
44,6,2025-07-01,74.76
44,6,2025-08-01,77.68
45,6,2024-01-01,77.69
45,6,2024-02-01,76.5
45,6,2024-03-01,74.74
45,6,2024-04-01,78.78
45,6,2024-05-01,75.75
45,6,2024-06-01,77.59
45,6,2024-07-01,77.7
45,6,2024-08-01,76.5
45,6,2024-09-01,76.76
45,6,2024-10-01,74.54
45,6,2024-11-01,75.92
45,6,2024-12-01,73.48
45,6,2025-01-01,74.58
45,6,2025-02-01,76.07
45,6,2025-03-01,76.68
45,6,2025-04-01,78.7
45,6,2025-05-01,76.5
45,6,2025-06-01,76.29
45,6,2025-07-01,78.11
45,6,2025-08-01,73.59
46,6,2024-01-01,78.49
46,6,2024-02-01,75.83
46,6,2024-03-01,77.48
46,6,2024-04-01,75.06
46,6,2024-05-01,72.74
46,6,2024-06-01,74.98
46,6,2024-07-01,77.54
46,6,2024-08-01,79.02
46,6,2024-09-01,75.22
46,6,2024-10-01,75.18
46,6,2024-11-01,76.4
46,6,2024-12-01,73.85
46,6,2025-01-01,75.48
46,6,2025-02-01,75.33
46,6,2025-03-01,74.36
46,6,2025-04-01,74.06
46,6,2025-05-01,77.62
46,6,2025-06-01,75.17
46,6,2025-07-01,75.48
46,6,2025-08-01,72.86
47,6,2024-01-01,72.94
47,6,2024-02-01,75.76
47,6,2024-03-01,75.98
47,6,2024-04-01,79.29
47,6,2024-05-01,74.17
47,6,2024-06-01,76.77
47,6,2024-07-01,73.89
47,6,2024-08-01,76.84
47,6,2024-09-01,75.63
47,6,2024-10-01,75.17
47,6,2024-11-01,74.89
47,6,2024-12-01,72.7
47,6,2025-01-01,77.19
47,6,2025-02-01,77.05
47,6,2025-03-01,78.21
47,6,2025-04-01,77.22
47,6,2025-05-01,75.89
47,6,2025-06-01,74.42
47,6,2025-07-01,75.36
47,6,2025-08-01,76.04
48,6,2024-01-01,74.92
48,6,2024-02-01,74.71
48,6,2024-03-01,73.43
48,6,2024-04-01,75.82
48,6,2024-05-01,70.47
48,6,2024-06-01,71.92
48,6,2024-07-01,75.3
48,6,2024-08-01,75.94
48,6,2024-09-01,72.39
48,6,2024-10-01,74.52
48,6,2024-11-01,73.81
48,6,2024-12-01,71.31
48,6,2025-01-01,72.39
48,6,2025-02-01,73.1
48,6,2025-03-01,75.36
48,6,2025-04-01,75.86
48,6,2025-05-01,74.74
48,6,2025-06-01,71.13
48,6,2025-07-01,74.35
48,6,2025-08-01,74.44
49,7,2024-01-01,79.97
49,7,2024-02-01,81.45
49,7,2024-03-01,80.94
49,7,2024-04-01,82.97
49,7,2024-05-01,80.18
49,7,2024-06-01,81.41
49,7,2024-07-01,79.47
49,7,2024-08-01,79.53
49,7,2024-09-01,75.27
49,7,2024-10-01,79.59
49,7,2024-11-01,79.72
49,7,2024-12-01,78.29
49,7,2025-01-01,80.25
49,7,2025-02-01,78.55
49,7,2025-03-01,80.8
49,7,2025-04-01,81.54
49,7,2025-05-01,81.58
49,7,2025-06-01,78.65
49,7,2025-07-01,81.23
49,7,2025-08-01,78.64
50,7,2024-01-01,77.98
50,7,2024-02-01,78.65
50,7,2024-03-01,79.81
50,7,2024-04-01,78.0
50,7,2024-05-01,80.06
50,7,2024-06-01,78.16
50,7,2024-07-01,79.29
50,7,2024-08-01,78.64
50,7,2024-09-01,74.88
50,7,2024-10-01,75.76
50,7,2024-11-01,76.68
50,7,2024-12-01,77.37
50,7,2025-01-01,77.39
50,7,2025-02-01,78.56
50,7,2025-03-01,80.57
50,7,2025-04-01,79.72
50,7,2025-05-01,76.88
50,7,2025-06-01,75.96
50,7,2025-07-01,78.95
50,7,2025-08-01,78.74
51,7,2024-01-01,77.62
51,7,2024-02-01,78.12
51,7,2024-03-01,76.77
51,7,2024-04-01,78.15
51,7,2024-05-01,79.43
51,7,2024-06-01,76.97
51,7,2024-07-01,80.55
51,7,2024-08-01,75.06
51,7,2024-09-01,75.72
51,7,2024-10-01,76.22
51,7,2024-11-01,73.83
51,7,2024-12-01,76.43
51,7,2025-01-01,77.17
51,7,2025-02-01,78.2
51,7,2025-03-01,79.33
51,7,2025-04-01,80.31
51,7,2025-05-01,80.51
51,7,2025-06-01,77.55
51,7,2025-07-01,77.32
51,7,2025-08-01,80.46
52,7,2024-01-01,78.46
52,7,2024-02-01,77.81
52,7,2024-03-01,83.62
52,7,2024-04-01,81.96
52,7,2024-05-01,78.85
52,7,2024-06-01,78.85
52,7,2024-07-01,80.25
52,7,2024-08-01,77.86
52,7,2024-09-01,76.7
52,7,2024-10-01,79.38
52,7,2024-11-01,77.57
52,7,2024-12-01,79.77
52,7,2025-01-01,80.33
52,7,2025-02-01,79.96
52,7,2025-03-01,80.15
52,7,2025-04-01,79.76
52,7,2025-05-01,78.0
52,7,2025-06-01,79.35
52,7,2025-07-01,78.3
52,7,2025-08-01,77.49
53,7,2024-01-01,78.49
53,7,2024-02-01,77.32
53,7,2024-03-01,83.29
53,7,2024-04-01,79.64
53,7,2024-05-01,79.87
53,7,2024-06-01,79.29
53,7,2024-07-01,77.39
53,7,2024-08-01,75.89
53,7,2024-09-01,74.76
53,7,2024-10-01,80.46
53,7,2024-11-01,79.3
53,7,2024-12-01,78.65
53,7,2025-01-01,77.53
53,7,2025-02-01,80.37
53,7,2025-03-01,81.45
53,7,2025-04-01,79.8
53,7,2025-05-01,80.29
53,7,2025-06-01,80.32
53,7,2025-07-01,80.48
53,7,2025-08-01,79.14
54,7,2024-01-01,78.92
54,7,2024-02-01,79.41
54,7,2024-03-01,80.48
54,7,2024-04-01,81.37
54,7,2024-05-01,80.61
54,7,2024-06-01,82.33
54,7,2024-07-01,78.68
54,7,2024-08-01,79.06
54,7,2024-09-01,76.43
54,7,2024-10-01,78.93
54,7,2024-11-01,78.48
54,7,2024-12-01,80.66
54,7,2025-01-01,78.31
54,7,2025-02-01,79.14
54,7,2025-03-01,81.07
54,7,2025-04-01,78.4
54,7,2025-05-01,78.83
54,7,2025-06-01,80.25
54,7,2025-07-01,77.13
54,7,2025-08-01,81.39
55,7,2024-01-01,79.05
55,7,2024-02-01,80.84
55,7,2024-03-01,82.29
55,7,2024-04-01,80.37
55,7,2024-05-01,79.82
55,7,2024-06-01,81.86
55,7,2024-07-01,78.93
55,7,2024-08-01,79.77
55,7,2024-09-01,76.65
55,7,2024-10-01,76.86
55,7,2024-11-01,77.81
55,7,2024-12-01,78.74
55,7,2025-01-01,81.56
55,7,2025-02-01,81.24
55,7,2025-03-01,78.77
55,7,2025-04-01,80.77
55,7,2025-05-01,81.29
55,7,2025-06-01,80.22
55,7,2025-07-01,76.68
55,7,2025-08-01,77.09
56,7,2024-01-01,80.64
56,7,2024-02-01,82.6
56,7,2024-03-01,81.38
56,7,2024-04-01,80.5
56,7,2024-05-01,80.59
56,7,2024-06-01,79.71
56,7,2024-07-01,82.26
56,7,2024-08-01,76.77
56,7,2024-09-01,77.48
56,7,2024-10-01,77.55
56,7,2024-11-01,76.68
56,7,2024-12-01,77.82
56,7,2025-01-01,83.42
56,7,2025-02-01,82.49
56,7,2025-03-01,81.39
56,7,2025-04-01,82.15
56,7,2025-05-01,79.38
56,7,2025-06-01,80.1
56,7,2025-07-01,83.39
56,7,2025-08-01,77.78
57,7,2024-01-01,80.72
57,7,2024-02-01,80.73
57,7,2024-03-01,79.49
57,7,2024-04-01,85.1
57,7,2024-05-01,84.2
57,7,2024-06-01,81.76
57,7,2024-07-01,81.96
57,7,2024-08-01,79.08
57,7,2024-09-01,78.77
57,7,2024-10-01,80.39
57,7,2024-11-01,76.42
57,7,2024-12-01,79.99
57,7,2025-01-01,83.45
57,7,2025-02-01,81.21
57,7,2025-03-01,83.43
57,7,2025-04-01,80.49
57,7,2025-05-01,82.22
57,7,2025-06-01,82.6
57,7,2025-07-01,78.72
57,7,2025-08-01,81.47
58,8,2024-01-01,76.46
58,8,2024-02-01,73.85
58,8,2024-03-01,79.16
58,8,2024-04-01,78.62
58,8,2024-05-01,77.59
58,8,2024-06-01,78.7
58,8,2024-07-01,74.66
58,8,2024-08-01,78.38
58,8,2024-09-01,75.5
58,8,2024-10-01,74.57
58,8,2024-11-01,75.62
58,8,2024-12-01,75.98
58,8,2025-01-01,77.56
58,8,2025-02-01,78.55
58,8,2025-03-01,78.55
58,8,2025-04-01,77.99
58,8,2025-05-01,79.87
58,8,2025-06-01,77.1
58,8,2025-07-01,79.59
58,8,2025-08-01,75.82
59,8,2024-01-01,76.58
59,8,2024-02-01,75.44
59,8,2024-03-01,76.58
59,8,2024-04-01,77.47
59,8,2024-05-01,76.22
59,8,2024-06-01,75.73
59,8,2024-07-01,75.37
59,8,2024-08-01,75.79
59,8,2024-09-01,73.98
59,8,2024-10-01,75.22
59,8,2024-11-01,75.84
59,8,2024-12-01,73.1
59,8,2025-01-01,75.77
59,8,2025-02-01,75.45
59,8,2025-03-01,76.11
59,8,2025-04-01,77.02
59,8,2025-05-01,77.49
59,8,2025-06-01,74.27
59,8,2025-07-01,74.72
59,8,2025-08-01,74.62
60,8,2024-01-01,77.84
60,8,2024-02-01,79.2
60,8,2024-03-01,77.87
60,8,2024-04-01,79.44
60,8,2024-05-01,78.22
60,8,2024-06-01,79.82
60,8,2024-07-01,79.55
60,8,2024-08-01,78.97
60,8,2024-09-01,75.96
60,8,2024-10-01,76.42
60,8,2024-11-01,78.35
60,8,2024-12-01,77.13
60,8,2025-01-01,79.7
60,8,2025-02-01,82.56
60,8,2025-03-01,81.29
60,8,2025-04-01,75.8
60,8,2025-05-01,80.29
60,8,2025-06-01,78.0
60,8,2025-07-01,79.31
60,8,2025-08-01,79.61
61,8,2024-01-01,77.03
61,8,2024-02-01,77.81
61,8,2024-03-01,81.58
61,8,2024-04-01,81.71
61,8,2024-05-01,81.18
61,8,2024-06-01,80.44
61,8,2024-07-01,76.76
61,8,2024-08-01,75.73
61,8,2024-09-01,79.05
61,8,2024-10-01,77.82
61,8,2024-11-01,77.0
61,8,2024-12-01,79.15
61,8,2025-01-01,77.88
61,8,2025-02-01,78.64
61,8,2025-03-01,78.6
61,8,2025-04-01,76.84
61,8,2025-05-01,81.72
61,8,2025-06-01,77.82
61,8,2025-07-01,80.35
61,8,2025-08-01,78.45
62,8,2024-01-01,77.52
62,8,2024-02-01,80.34
62,8,2024-03-01,79.14
62,8,2024-04-01,78.71
62,8,2024-05-01,78.07
62,8,2024-06-01,81.47
62,8,2024-07-01,78.36
62,8,2024-08-01,78.17
62,8,2024-09-01,79.05
62,8,2024-10-01,80.68
62,8,2024-11-01,79.1
62,8,2024-12-01,74.77
62,8,2025-01-01,81.69
62,8,2025-02-01,78.62
62,8,2025-03-01,82.61
62,8,2025-04-01,79.47
62,8,2025-05-01,79.18
62,8,2025-06-01,80.06
62,8,2025-07-01,77.35
62,8,2025-08-01,81.26
63,9,2024-01-01,73.9
63,9,2024-02-01,74.16
63,9,2024-03-01,71.14
63,9,2024-04-01,73.19
63,9,2024-05-01,71.95
63,9,2024-06-01,74.24
63,9,2024-07-01,76.26
63,9,2024-08-01,71.65
63,9,2024-09-01,73.03
63,9,2024-10-01,73.56
63,9,2024-11-01,74.48
63,9,2024-12-01,74.14
63,9,2025-01-01,73.02
63,9,2025-02-01,76.22
63,9,2025-03-01,76.25
63,9,2025-04-01,72.21
63,9,2025-05-01,72.35
63,9,2025-06-01,74.3
63,9,2025-07-01,72.07
63,9,2025-08-01,74.64
64,9,2024-01-01,69.7
64,9,2024-02-01,70.83
64,9,2024-03-01,67.6
64,9,2024-04-01,72.77
64,9,2024-05-01,70.03
64,9,2024-06-01,69.53
64,9,2024-07-01,71.73
64,9,2024-08-01,70.33
64,9,2024-09-01,72.58
64,9,2024-10-01,70.69
64,9,2024-11-01,68.61
64,9,2024-12-01,70.12
64,9,2025-01-01,73.32
64,9,2025-02-01,69.79
64,9,2025-03-01,71.64
64,9,2025-04-01,69.11
64,9,2025-05-01,70.26
64,9,2025-06-01,72.8
64,9,2025-07-01,69.8
64,9,2025-08-01,72.18
65,9,2024-01-01,74.51
65,9,2024-02-01,72.59
65,9,2024-03-01,75.92
65,9,2024-04-01,72.55
65,9,2024-05-01,73.03
65,9,2024-06-01,74.34
65,9,2024-07-01,75.26
65,9,2024-08-01,69.16
65,9,2024-09-01,71.22
65,9,2024-10-01,72.43
65,9,2024-11-01,71.01
65,9,2024-12-01,72.59
65,9,2025-01-01,72.75
65,9,2025-02-01,73.25
65,9,2025-03-01,69.58
65,9,2025-04-01,69.82
65,9,2025-05-01,74.94
65,9,2025-06-01,71.18
65,9,2025-07-01,72.17
65,9,2025-08-01,73.46
66,9,2024-01-01,73.95
66,9,2024-02-01,71.64
66,9,2024-03-01,68.63
66,9,2024-04-01,73.17
66,9,2024-05-01,70.52
66,9,2024-06-01,72.42
66,9,2024-07-01,74.75
66,9,2024-08-01,70.26
66,9,2024-09-01,72.38
66,9,2024-10-01,69.68
66,9,2024-11-01,74.77
66,9,2024-12-01,72.21
66,9,2025-01-01,72.92
66,9,2025-02-01,76.16
66,9,2025-03-01,75.79
66,9,2025-04-01,70.55
66,9,2025-05-01,72.14
66,9,2025-06-01,70.38
66,9,2025-07-01,72.51
66,9,2025-08-01,75.72
67,10,2024-01-01,79.68
67,10,2024-02-01,78.11
67,10,2024-03-01,82.93
67,10,2024-04-01,80.91
67,10,2024-05-01,80.34
67,10,2024-06-01,79.45
67,10,2024-07-01,78.98
67,10,2024-08-01,81.18
67,10,2024-09-01,80.45
67,10,2024-10-01,80.68
67,10,2024-11-01,80.59
67,10,2024-12-01,77.62
67,10,2025-01-01,78.63
67,10,2025-02-01,80.94
67,10,2025-03-01,82.65
67,10,2025-04-01,78.53
67,10,2025-05-01,80.18
67,10,2025-06-01,82.92
67,10,2025-07-01,81.39
67,10,2025-08-01,76.98
68,10,2024-01-01,84.73
68,10,2024-02-01,84.72
68,10,2024-03-01,85.43
68,10,2024-04-01,83.93
68,10,2024-05-01,82.73
68,10,2024-06-01,83.72
68,10,2024-07-01,81.71
68,10,2024-08-01,83.14
68,10,2024-09-01,78.28
68,10,2024-10-01,78.89
68,10,2024-11-01,81.21
68,10,2024-12-01,82.32
68,10,2025-01-01,82.94
68,10,2025-02-01,83.59
68,10,2025-03-01,83.4
68,10,2025-04-01,82.52
68,10,2025-05-01,84.1
68,10,2025-06-01,83.26
68,10,2025-07-01,80.98
68,10,2025-08-01,83.94
69,10,2024-01-01,83.54
69,10,2024-02-01,82.4
69,10,2024-03-01,80.31
69,10,2024-04-01,81.44
69,10,2024-05-01,82.74
69,10,2024-06-01,80.39
69,10,2024-07-01,79.17
69,10,2024-08-01,77.46
69,10,2024-09-01,77.82
69,10,2024-10-01,77.29
69,10,2024-11-01,80.14
69,10,2024-12-01,79.17
69,10,2025-01-01,80.4
69,10,2025-02-01,80.55
69,10,2025-03-01,79.41
69,10,2025-04-01,80.81
69,10,2025-05-01,80.7
69,10,2025-06-01,80.75
69,10,2025-07-01,80.22
69,10,2025-08-01,81.07
70,10,2024-01-01,80.55
70,10,2024-02-01,79.67
70,10,2024-03-01,82.59
70,10,2024-04-01,82.99
70,10,2024-05-01,81.27
70,10,2024-06-01,79.69
70,10,2024-07-01,79.52
70,10,2024-08-01,81.43
70,10,2024-09-01,80.4
70,10,2024-10-01,78.9
70,10,2024-11-01,79.68
70,10,2024-12-01,78.77
70,10,2025-01-01,79.43
70,10,2025-02-01,80.66
70,10,2025-03-01,82.91
70,10,2025-04-01,81.97
70,10,2025-05-01,81.07
70,10,2025-06-01,82.25
70,10,2025-07-01,81.73
70,10,2025-08-01,77.97
71,10,2024-01-01,80.84
71,10,2024-02-01,84.52
71,10,2024-03-01,83.99
71,10,2024-04-01,82.72
71,10,2024-05-01,82.04
71,10,2024-06-01,82.52
71,10,2024-07-01,80.2
71,10,2024-08-01,79.1
71,10,2024-09-01,81.26
71,10,2024-10-01,79.15
71,10,2024-11-01,79.94
71,10,2024-12-01,80.1
71,10,2025-01-01,82.74
71,10,2025-02-01,83.94
71,10,2025-03-01,82.22
71,10,2025-04-01,81.44
71,10,2025-05-01,83.29
71,10,2025-06-01,84.22
71,10,2025-07-01,80.08
71,10,2025-08-01,80.22
72,11,2024-01-01,74.92
72,11,2024-02-01,77.17
72,11,2024-03-01,78.33
72,11,2024-04-01,75.67
72,11,2024-05-01,74.86
72,11,2024-06-01,78.41
72,11,2024-07-01,76.38
72,11,2024-08-01,72.92
72,11,2024-09-01,72.96
72,11,2024-10-01,75.36
72,11,2024-11-01,76.68
72,11,2024-12-01,74.66
72,11,2025-01-01,74.46
72,11,2025-02-01,75.69
72,11,2025-03-01,78.37
72,11,2025-04-01,75.95
72,11,2025-05-01,76.07
72,11,2025-06-01,76.2
72,11,2025-07-01,77.22
72,11,2025-08-01,75.09
73,11,2024-01-01,73.14
73,11,2024-02-01,73.52
73,11,2024-03-01,74.72
73,11,2024-04-01,71.83
73,11,2024-05-01,73.31
73,11,2024-06-01,75.02
73,11,2024-07-01,72.07
73,11,2024-08-01,71.48
73,11,2024-09-01,70.37
73,11,2024-10-01,70.69
73,11,2024-11-01,73.48
73,11,2024-12-01,69.88
73,11,2025-01-01,70.88
73,11,2025-02-01,73.89
73,11,2025-03-01,72.16
73,11,2025-04-01,74.05
73,11,2025-05-01,74.16
73,11,2025-06-01,73.94
73,11,2025-07-01,73.49
73,11,2025-08-01,73.99
74,11,2024-01-01,76.62
74,11,2024-02-01,75.07
74,11,2024-03-01,79.2
74,11,2024-04-01,74.29
74,11,2024-05-01,76.9
74,11,2024-06-01,78.93
74,11,2024-07-01,77.47
74,11,2024-08-01,72.6
74,11,2024-09-01,76.01
74,11,2024-10-01,75.14
74,11,2024-11-01,76.15
74,11,2024-12-01,76.01
74,11,2025-01-01,75.72
74,11,2025-02-01,76.01
74,11,2025-03-01,77.97
74,11,2025-04-01,75.92
74,11,2025-05-01,78.06
74,11,2025-06-01,77.05
74,11,2025-07-01,77.27
74,11,2025-08-01,75.74
75,11,2024-01-01,74.26
75,11,2024-02-01,78.53
75,11,2024-03-01,74.35
75,11,2024-04-01,72.93
75,11,2024-05-01,76.76
75,11,2024-06-01,74.22
75,11,2024-07-01,74.66
75,11,2024-08-01,75.15
75,11,2024-09-01,73.66
75,11,2024-10-01,73.58
75,11,2024-11-01,73.82
75,11,2024-12-01,73.96
75,11,2025-01-01,76.96
75,11,2025-02-01,75.51
75,11,2025-03-01,75.49
75,11,2025-04-01,76.68
75,11,2025-05-01,76.51
75,11,2025-06-01,75.61
75,11,2025-07-01,75.75
75,11,2025-08-01,74.55
76,11,2024-01-01,72.25
76,11,2024-02-01,75.78
76,11,2024-03-01,74.93
76,11,2024-04-01,72.88
76,11,2024-05-01,75.32
76,11,2024-06-01,71.9
76,11,2024-07-01,70.76
76,11,2024-08-01,74.86
76,11,2024-09-01,69.88
76,11,2024-10-01,72.06
76,11,2024-11-01,71.36
76,11,2024-12-01,70.24
76,11,2025-01-01,72.95
76,11,2025-02-01,75.89
76,11,2025-03-01,73.89
76,11,2025-04-01,74.87
76,11,2025-05-01,75.01
76,11,2025-06-01,73.6
76,11,2025-07-01,71.51
76,11,2025-08-01,74.79
77,12,2024-01-01,74.52
77,12,2024-02-01,74.72
77,12,2024-03-01,75.08
77,12,2024-04-01,78.63
77,12,2024-05-01,75.02
77,12,2024-06-01,75.22
77,12,2024-07-01,74.7
77,12,2024-08-01,77.19
77,12,2024-09-01,71.57
77,12,2024-10-01,75.41
77,12,2024-11-01,70.93
77,12,2024-12-01,76.09
77,12,2025-01-01,75.56
77,12,2025-02-01,75.83
77,12,2025-03-01,73.04
77,12,2025-04-01,74.74
77,12,2025-05-01,75.74
77,12,2025-06-01,76.3
77,12,2025-07-01,74.15
77,12,2025-08-01,74.15
78,12,2024-01-01,75.3
78,12,2024-02-01,75.9
78,12,2024-03-01,75.1
78,12,2024-04-01,79.61
78,12,2024-05-01,72.75
78,12,2024-06-01,76.14
78,12,2024-07-01,75.07
78,12,2024-08-01,74.35
78,12,2024-09-01,75.16
78,12,2024-10-01,73.28
78,12,2024-11-01,72.86
78,12,2024-12-01,74.66
78,12,2025-01-01,75.99
78,12,2025-02-01,75.99
78,12,2025-03-01,76.45
78,12,2025-04-01,74.12
78,12,2025-05-01,80.3
78,12,2025-06-01,73.25
78,12,2025-07-01,76.68
78,12,2025-08-01,75.97
79,12,2024-01-01,77.34
79,12,2024-02-01,80.74
79,12,2024-03-01,81.52
79,12,2024-04-01,79.95
79,12,2024-05-01,80.74
79,12,2024-06-01,79.81
79,12,2024-07-01,76.6
79,12,2024-08-01,77.42
79,12,2024-09-01,78.03
79,12,2024-10-01,79.32
79,12,2024-11-01,77.73
79,12,2024-12-01,80.85
79,12,2025-01-01,77.88
79,12,2025-02-01,80.12
79,12,2025-03-01,78.36
79,12,2025-04-01,80.85
79,12,2025-05-01,80.64
79,12,2025-06-01,78.46
79,12,2025-07-01,80.45
79,12,2025-08-01,78.32
80,12,2024-01-01,75.18
80,12,2024-02-01,75.42
80,12,2024-03-01,74.85
80,12,2024-04-01,77.18
80,12,2024-05-01,77.57
80,12,2024-06-01,71.92
80,12,2024-07-01,76.84
80,12,2024-08-01,75.76
80,12,2024-09-01,78.08
80,12,2024-10-01,75.27
80,12,2024-11-01,76.15
80,12,2024-12-01,74.91
80,12,2025-01-01,73.81
80,12,2025-02-01,76.16
80,12,2025-03-01,74.55
80,12,2025-04-01,77.82
80,12,2025-05-01,76.46
80,12,2025-06-01,74.94
80,12,2025-07-01,74.19
80,12,2025-08-01,77.42
81,12,2024-01-01,74.42
81,12,2024-02-01,75.62
81,12,2024-03-01,75.96
81,12,2024-04-01,76.81
81,12,2024-05-01,77.39
81,12,2024-06-01,76.77
81,12,2024-07-01,74.53
81,12,2024-08-01,74.65
81,12,2024-09-01,73.76
81,12,2024-10-01,75.44
81,12,2024-11-01,76.51
81,12,2024-12-01,77.52
81,12,2025-01-01,75.14
81,12,2025-02-01,75.67
81,12,2025-03-01,73.94
81,12,2025-04-01,75.76
81,12,2025-05-01,75.51
81,12,2025-06-01,77.62
81,12,2025-07-01,74.66
81,12,2025-08-01,75.18
82,12,2024-01-01,75.17
82,12,2024-02-01,73.16
82,12,2024-03-01,77.46
82,12,2024-04-01,75.84
82,12,2024-05-01,77.72
82,12,2024-06-01,76.22
82,12,2024-07-01,76.58
82,12,2024-08-01,73.17
82,12,2024-09-01,73.77
82,12,2024-10-01,75.7
82,12,2024-11-01,76.55
82,12,2024-12-01,77.96
82,12,2025-01-01,76.03
82,12,2025-02-01,76.81
82,12,2025-03-01,76.95
82,12,2025-04-01,78.09
82,12,2025-05-01,76.47
82,12,2025-06-01,78.43
82,12,2025-07-01,75.23
82,12,2025-08-01,74.18
83,12,2024-01-01,75.02
83,12,2024-02-01,74.35
83,12,2024-03-01,74.57
83,12,2024-04-01,75.47
83,12,2024-05-01,74.35
83,12,2024-06-01,74.94
83,12,2024-07-01,76.54
83,12,2024-08-01,74.65
83,12,2024-09-01,74.83
83,12,2024-10-01,73.83
83,12,2024-11-01,74.71
83,12,2024-12-01,72.65
83,12,2025-01-01,74.43
83,12,2025-02-01,74.64
83,12,2025-03-01,74.41
83,12,2025-04-01,70.88
83,12,2025-05-01,74.76
83,12,2025-06-01,76.47
83,12,2025-07-01,75.47
83,12,2025-08-01,73.71
84,12,2024-01-01,76.94
84,12,2024-02-01,79.74
84,12,2024-03-01,77.79
84,12,2024-04-01,76.21
84,12,2024-05-01,78.77
84,12,2024-06-01,77.88
84,12,2024-07-01,78.01
84,12,2024-08-01,76.27
84,12,2024-09-01,73.49
84,12,2024-10-01,75.15
84,12,2024-11-01,75.9
84,12,2024-12-01,78.93
84,12,2025-01-01,75.81
84,12,2025-02-01,75.51
84,12,2025-03-01,75.27
84,12,2025-04-01,76.92
84,12,2025-05-01,79.57
84,12,2025-06-01,74.12
84,12,2025-07-01,77.39
84,12,2025-08-01,72.74
85,12,2024-01-01,73.07
85,12,2024-02-01,73.04
85,12,2024-03-01,71.75
85,12,2024-04-01,73.9
85,12,2024-05-01,75.29
85,12,2024-06-01,72.22
85,12,2024-07-01,72.81
85,12,2024-08-01,72.99
85,12,2024-09-01,72.43
85,12,2024-10-01,72.08
85,12,2024-11-01,70.21
85,12,2024-12-01,72.77
85,12,2025-01-01,72.97
85,12,2025-02-01,74.69
85,12,2025-03-01,73.61
85,12,2025-04-01,72.5
85,12,2025-05-01,74.7
85,12,2025-06-01,71.07
85,12,2025-07-01,72.69
85,12,2025-08-01,72.6
86,13,2024-01-01,73.1
86,13,2024-02-01,79.34
86,13,2024-03-01,78.33
86,13,2024-04-01,78.77
86,13,2024-05-01,75.56
86,13,2024-06-01,77.51
86,13,2024-07-01,77.68
86,13,2024-08-01,77.5
86,13,2024-09-01,73.83
86,13,2024-10-01,76.02
86,13,2024-11-01,75.13
86,13,2024-12-01,77.62
86,13,2025-01-01,78.26
86,13,2025-02-01,75.85
86,13,2025-03-01,76.87
86,13,2025-04-01,80.0
86,13,2025-05-01,74.22
86,13,2025-06-01,79.31
86,13,2025-07-01,78.22
86,13,2025-08-01,76.76
87,13,2024-01-01,73.31
87,13,2024-02-01,75.77
87,13,2024-03-01,79.68
87,13,2024-04-01,78.28
87,13,2024-05-01,75.91
87,13,2024-06-01,76.75
87,13,2024-07-01,75.46
87,13,2024-08-01,75.93
87,13,2024-09-01,73.42
87,13,2024-10-01,74.63
87,13,2024-11-01,74.33
87,13,2024-12-01,75.53
87,13,2025-01-01,75.72
87,13,2025-02-01,79.35
87,13,2025-03-01,76.38
87,13,2025-04-01,76.83
87,13,2025-05-01,74.38
87,13,2025-06-01,79.41
87,13,2025-07-01,77.88
87,13,2025-08-01,77.27
88,13,2024-01-01,74.1
88,13,2024-02-01,77.47
88,13,2024-03-01,78.9
88,13,2024-04-01,76.17
88,13,2024-05-01,77.07
88,13,2024-06-01,78.91
88,13,2024-07-01,77.89
88,13,2024-08-01,75.9
88,13,2024-09-01,75.66
88,13,2024-10-01,76.24
88,13,2024-11-01,75.81
88,13,2024-12-01,76.12
88,13,2025-01-01,77.32
88,13,2025-02-01,78.43
88,13,2025-03-01,77.24
88,13,2025-04-01,80.17
88,13,2025-05-01,76.52
88,13,2025-06-01,78.2
88,13,2025-07-01,76.85
88,13,2025-08-01,77.43
89,13,2024-01-01,75.17
89,13,2024-02-01,77.79
89,13,2024-03-01,77.79
89,13,2024-04-01,81.05
89,13,2024-05-01,73.3
89,13,2024-06-01,78.89
89,13,2024-07-01,77.1
89,13,2024-08-01,77.84
89,13,2024-09-01,76.62
89,13,2024-10-01,77.31
89,13,2024-11-01,78.7
89,13,2024-12-01,76.6
89,13,2025-01-01,77.11
89,13,2025-02-01,80.9
89,13,2025-03-01,77.5
89,13,2025-04-01,79.26
89,13,2025-05-01,78.36
89,13,2025-06-01,77.48
89,13,2025-07-01,75.89
89,13,2025-08-01,77.12
90,13,2024-01-01,74.52
90,13,2024-02-01,79.79
90,13,2024-03-01,78.06
90,13,2024-04-01,79.07
90,13,2024-05-01,75.27
90,13,2024-06-01,77.08
90,13,2024-07-01,77.83
90,13,2024-08-01,76.44
90,13,2024-09-01,74.07
90,13,2024-10-01,75.26
90,13,2024-11-01,73.93
90,13,2024-12-01,75.84
90,13,2025-01-01,76.0
90,13,2025-02-01,80.14
90,13,2025-03-01,76.47
90,13,2025-04-01,77.12
90,13,2025-05-01,80.09
90,13,2025-06-01,76.68
90,13,2025-07-01,73.31
90,13,2025-08-01,74.08
91,13,2024-01-01,74.83
91,13,2024-02-01,76.38
91,13,2024-03-01,77.28
91,13,2024-04-01,78.5
91,13,2024-05-01,76.42
91,13,2024-06-01,76.75
91,13,2024-07-01,78.59
91,13,2024-08-01,78.51
91,13,2024-09-01,76.99
91,13,2024-10-01,75.52
91,13,2024-11-01,76.59
91,13,2024-12-01,77.48
91,13,2025-01-01,77.33
91,13,2025-02-01,77.41
91,13,2025-03-01,79.11
91,13,2025-04-01,76.93
91,13,2025-05-01,76.14
91,13,2025-06-01,77.98
91,13,2025-07-01,77.36
91,13,2025-08-01,78.0
92,13,2024-01-01,76.31
92,13,2024-02-01,79.16
92,13,2024-03-01,79.09
92,13,2024-04-01,78.59
92,13,2024-05-01,76.31
92,13,2024-06-01,79.24
92,13,2024-07-01,77.79
92,13,2024-08-01,74.34
92,13,2024-09-01,75.27
92,13,2024-10-01,73.77
92,13,2024-11-01,75.87
92,13,2024-12-01,77.2
92,13,2025-01-01,78.45
92,13,2025-02-01,76.76
92,13,2025-03-01,78.81
92,13,2025-04-01,79.63
92,13,2025-05-01,77.4
92,13,2025-06-01,77.13
92,13,2025-07-01,78.07
92,13,2025-08-01,76.52
93,13,2024-01-01,76.46
93,13,2024-02-01,78.56
93,13,2024-03-01,78.22
93,13,2024-04-01,77.49
93,13,2024-05-01,76.45
93,13,2024-06-01,75.6
93,13,2024-07-01,76.38
93,13,2024-08-01,76.01
93,13,2024-09-01,74.81
93,13,2024-10-01,75.26
93,13,2024-11-01,77.09
93,13,2024-12-01,75.13
93,13,2025-01-01,75.33
93,13,2025-02-01,76.14
93,13,2025-03-01,78.39
93,13,2025-04-01,80.97
93,13,2025-05-01,77.13
93,13,2025-06-01,80.82
93,13,2025-07-01,76.61
93,13,2025-08-01,74.1
94,13,2024-01-01,75.67
94,13,2024-02-01,75.79
94,13,2024-03-01,79.16
94,13,2024-04-01,76.91
94,13,2024-05-01,77.32
94,13,2024-06-01,78.94
94,13,2024-07-01,77.35
94,13,2024-08-01,76.64
94,13,2024-09-01,76.14
94,13,2024-10-01,75.86
94,13,2024-11-01,76.65
94,13,2024-12-01,78.24
94,13,2025-01-01,76.89
94,13,2025-02-01,79.08
94,13,2025-03-01,77.82
94,13,2025-04-01,76.47
94,13,2025-05-01,75.9
94,13,2025-06-01,77.05
94,13,2025-07-01,75.65
94,13,2025-08-01,76.28
95,14,2024-01-01,80.68
95,14,2024-02-01,79.3
95,14,2024-03-01,77.55
95,14,2024-04-01,79.13
95,14,2024-05-01,79.71
95,14,2024-06-01,80.53
95,14,2024-07-01,79.9
95,14,2024-08-01,78.18
95,14,2024-09-01,80.41
95,14,2024-10-01,74.43
95,14,2024-11-01,79.8
95,14,2024-12-01,78.03
95,14,2025-01-01,79.88
95,14,2025-02-01,80.6
95,14,2025-03-01,81.07
95,14,2025-04-01,79.99
95,14,2025-05-01,80.86
95,14,2025-06-01,81.13
95,14,2025-07-01,78.8
95,14,2025-08-01,77.19
96,14,2024-01-01,80.73
96,14,2024-02-01,81.19
96,14,2024-03-01,82.54
96,14,2024-04-01,81.25
96,14,2024-05-01,80.69
96,14,2024-06-01,82.45
96,14,2024-07-01,82.54
96,14,2024-08-01,79.48
96,14,2024-09-01,82.04
96,14,2024-10-01,80.32
96,14,2024-11-01,82.84
96,14,2024-12-01,77.99
96,14,2025-01-01,82.63
96,14,2025-02-01,81.57
96,14,2025-03-01,84.28
96,14,2025-04-01,82.07
96,14,2025-05-01,78.86
96,14,2025-06-01,81.55
96,14,2025-07-01,83.64
96,14,2025-08-01,78.76
97,14,2024-01-01,79.13
97,14,2024-02-01,81.29
97,14,2024-03-01,81.33
97,14,2024-04-01,82.78
97,14,2024-05-01,81.19
97,14,2024-06-01,81.91
97,14,2024-07-01,80.58
97,14,2024-08-01,81.99
97,14,2024-09-01,80.89
97,14,2024-10-01,79.65
97,14,2024-11-01,82.19
97,14,2024-12-01,79.03
97,14,2025-01-01,81.65
97,14,2025-02-01,81.49
97,14,2025-03-01,83.94
97,14,2025-04-01,80.01
97,14,2025-05-01,82.34
97,14,2025-06-01,83.04
97,14,2025-07-01,80.63
97,14,2025-08-01,78.86
98,14,2024-01-01,82.69
98,14,2024-02-01,83.04
98,14,2024-03-01,84.35
98,14,2024-04-01,82.06
98,14,2024-05-01,82.99
98,14,2024-06-01,82.14
98,14,2024-07-01,80.2
98,14,2024-08-01,81.42
98,14,2024-09-01,80.65
98,14,2024-10-01,80.15
98,14,2024-11-01,82.09
98,14,2024-12-01,77.34
98,14,2025-01-01,78.28
98,14,2025-02-01,79.11
98,14,2025-03-01,82.05
98,14,2025-04-01,81.13
98,14,2025-05-01,81.59
98,14,2025-06-01,80.71
98,14,2025-07-01,79.23
98,14,2025-08-01,78.35
99,15,2024-01-01,75.78
99,15,2024-02-01,77.49
99,15,2024-03-01,77.19
99,15,2024-04-01,78.11
99,15,2024-05-01,75.34
99,15,2024-06-01,76.6
99,15,2024-07-01,74.1
99,15,2024-08-01,75.0
99,15,2024-09-01,75.26
99,15,2024-10-01,74.74
99,15,2024-11-01,75.66
99,15,2024-12-01,78.42
99,15,2025-01-01,76.52
99,15,2025-02-01,75.95
99,15,2025-03-01,77.22
99,15,2025-04-01,76.89
99,15,2025-05-01,77.55
99,15,2025-06-01,76.66
99,15,2025-07-01,76.1
99,15,2025-08-01,75.07
100,15,2024-01-01,78.91
100,15,2024-02-01,79.49
100,15,2024-03-01,81.27
100,15,2024-04-01,80.4
100,15,2024-05-01,78.34
100,15,2024-06-01,78.66
100,15,2024-07-01,79.4
100,15,2024-08-01,80.53
100,15,2024-09-01,76.59
100,15,2024-10-01,76.58
100,15,2024-11-01,78.17
100,15,2024-12-01,80.38
100,15,2025-01-01,79.49
100,15,2025-02-01,79.25
100,15,2025-03-01,82.07
100,15,2025-04-01,81.88
100,15,2025-05-01,79.85
100,15,2025-06-01,80.89
100,15,2025-07-01,80.58
100,15,2025-08-01,78.14
101,15,2024-01-01,75.38
101,15,2024-02-01,76.02
101,15,2024-03-01,78.24
101,15,2024-04-01,75.07
101,15,2024-05-01,73.21
101,15,2024-06-01,75.16
101,15,2024-07-01,75.28
101,15,2024-08-01,75.64
101,15,2024-09-01,71.91
101,15,2024-10-01,74.66
101,15,2024-11-01,74.66
101,15,2024-12-01,74.13
101,15,2025-01-01,73.71
101,15,2025-02-01,76.82
101,15,2025-03-01,74.75
101,15,2025-04-01,76.03
101,15,2025-05-01,76.39
101,15,2025-06-01,76.74
101,15,2025-07-01,77.89
101,15,2025-08-01,76.33
102,15,2024-01-01,78.15
102,15,2024-02-01,79.54
102,15,2024-03-01,78.76
102,15,2024-04-01,80.8
102,15,2024-05-01,81.29
102,15,2024-06-01,79.56
102,15,2024-07-01,76.65
102,15,2024-08-01,73.9
102,15,2024-09-01,78.11
102,15,2024-10-01,74.83
102,15,2024-11-01,75.47
102,15,2024-12-01,77.68
102,15,2025-01-01,78.56
102,15,2025-02-01,80.77
102,15,2025-03-01,81.41
102,15,2025-04-01,75.56
102,15,2025-05-01,77.59
102,15,2025-06-01,77.67
102,15,2025-07-01,79.18
102,15,2025-08-01,75.84
103,15,2024-01-01,74.27
103,15,2024-02-01,77.07
103,15,2024-03-01,76.76
103,15,2024-04-01,78.02
103,15,2024-05-01,74.37
103,15,2024-06-01,76.58
103,15,2024-07-01,76.32
103,15,2024-08-01,73.75
103,15,2024-09-01,74.79
103,15,2024-10-01,71.68
103,15,2024-11-01,75.05
103,15,2024-12-01,74.36
103,15,2025-01-01,76.18
103,15,2025-02-01,76.57
103,15,2025-03-01,76.82
103,15,2025-04-01,75.94
103,15,2025-05-01,77.95
103,15,2025-06-01,75.83
103,15,2025-07-01,77.27
103,15,2025-08-01,72.93
104,15,2024-01-01,72.08
104,15,2024-02-01,75.58
104,15,2024-03-01,79.13
104,15,2024-04-01,75.39
104,15,2024-05-01,76.21
104,15,2024-06-01,75.45
104,15,2024-07-01,75.6
104,15,2024-08-01,74.89
104,15,2024-09-01,70.97
104,15,2024-10-01,71.35
104,15,2024-11-01,73.82
104,15,2024-12-01,74.66
104,15,2025-01-01,75.33
104,15,2025-02-01,73.59
104,15,2025-03-01,77.64
104,15,2025-04-01,76.17
104,15,2025-05-01,75.6
104,15,2025-06-01,76.6
104,15,2025-07-01,76.11
104,15,2025-08-01,76.04
105,16,2024-01-01,78.99
105,16,2024-02-01,78.93
105,16,2024-03-01,79.4
105,16,2024-04-01,78.92
105,16,2024-05-01,81.38
105,16,2024-06-01,81.74
105,16,2024-07-01,75.26
105,16,2024-08-01,79.49
105,16,2024-09-01,76.77
105,16,2024-10-01,75.86
105,16,2024-11-01,77.92
105,16,2024-12-01,76.65
105,16,2025-01-01,78.31
105,16,2025-02-01,79.61
105,16,2025-03-01,80.03
105,16,2025-04-01,79.41
105,16,2025-05-01,77.83
105,16,2025-06-01,78.76
105,16,2025-07-01,78.78
105,16,2025-08-01,78.64
106,16,2024-01-01,82.34
106,16,2024-02-01,79.91
106,16,2024-03-01,81.04
106,16,2024-04-01,80.77
106,16,2024-05-01,81.13
106,16,2024-06-01,83.89
106,16,2024-07-01,80.64
106,16,2024-08-01,76.16
106,16,2024-09-01,79.27
106,16,2024-10-01,79.83
106,16,2024-11-01,76.7
106,16,2024-12-01,77.15
106,16,2025-01-01,80.59
106,16,2025-02-01,78.35
106,16,2025-03-01,82.2
106,16,2025-04-01,82.03
106,16,2025-05-01,83.25
106,16,2025-06-01,81.56
106,16,2025-07-01,79.56
106,16,2025-08-01,78.58
107,16,2024-01-01,81.75
107,16,2024-02-01,81.24
107,16,2024-03-01,83.7
107,16,2024-04-01,82.17
107,16,2024-05-01,84.14
107,16,2024-06-01,81.09
107,16,2024-07-01,82.49
107,16,2024-08-01,78.68
107,16,2024-09-01,78.23
107,16,2024-10-01,78.81
107,16,2024-11-01,77.06
107,16,2024-12-01,83.84
107,16,2025-01-01,81.47
107,16,2025-02-01,80.79
107,16,2025-03-01,83.86
107,16,2025-04-01,81.6
107,16,2025-05-01,83.85
107,16,2025-06-01,81.32
107,16,2025-07-01,81.42
107,16,2025-08-01,79.62
108,16,2024-01-01,77.13
108,16,2024-02-01,82.68
108,16,2024-03-01,80.77
108,16,2024-04-01,82.12
108,16,2024-05-01,80.74
108,16,2024-06-01,81.89
108,16,2024-07-01,78.95
108,16,2024-08-01,78.49
108,16,2024-09-01,79.42
108,16,2024-10-01,76.67
108,16,2024-11-01,74.89
108,16,2024-12-01,79.82
108,16,2025-01-01,81.02
108,16,2025-02-01,79.96
108,16,2025-03-01,81.42
108,16,2025-04-01,82.81
108,16,2025-05-01,81.99
108,16,2025-06-01,80.46
108,16,2025-07-01,81.09
108,16,2025-08-01,80.01
109,16,2024-01-01,80.45
109,16,2024-02-01,78.13
109,16,2024-03-01,77.06
109,16,2024-04-01,81.38
109,16,2024-05-01,78.89
109,16,2024-06-01,80.98
109,16,2024-07-01,76.75
109,16,2024-08-01,80.03
109,16,2024-09-01,77.75
109,16,2024-10-01,75.55
109,16,2024-11-01,79.22
109,16,2024-12-01,77.41
109,16,2025-01-01,78.92
109,16,2025-02-01,79.13
109,16,2025-03-01,80.22
109,16,2025-04-01,80.08
109,16,2025-05-01,80.56
109,16,2025-06-01,79.26
109,16,2025-07-01,78.12
109,16,2025-08-01,77.35
110,16,2024-01-01,79.72
110,16,2024-02-01,80.5
110,16,2024-03-01,83.45
110,16,2024-04-01,83.75
110,16,2024-05-01,81.08
110,16,2024-06-01,81.41
110,16,2024-07-01,81.57
110,16,2024-08-01,80.17
110,16,2024-09-01,80.94
110,16,2024-10-01,77.31
110,16,2024-11-01,76.56
110,16,2024-12-01,78.65
110,16,2025-01-01,80.91
110,16,2025-02-01,82.75
110,16,2025-03-01,83.41
110,16,2025-04-01,83.62
110,16,2025-05-01,84.28
110,16,2025-06-01,81.67
110,16,2025-07-01,82.16
110,16,2025-08-01,82.99
111,16,2024-01-01,77.78
111,16,2024-02-01,81.86
111,16,2024-03-01,79.76
111,16,2024-04-01,81.88
111,16,2024-05-01,81.56
111,16,2024-06-01,78.62
111,16,2024-07-01,80.43
111,16,2024-08-01,78.74
111,16,2024-09-01,77.98
111,16,2024-10-01,78.47
111,16,2024-11-01,75.67
111,16,2024-12-01,78.43
111,16,2025-01-01,78.52
111,16,2025-02-01,81.83
111,16,2025-03-01,79.51
111,16,2025-04-01,79.68
111,16,2025-05-01,81.17
111,16,2025-06-01,81.06
111,16,2025-07-01,79.17
111,16,2025-08-01,76.38
112,16,2024-01-01,77.99
112,16,2024-02-01,78.82
112,16,2024-03-01,79.23
112,16,2024-04-01,78.7
112,16,2024-05-01,79.63
112,16,2024-06-01,77.96
112,16,2024-07-01,78.09
112,16,2024-08-01,76.95
112,16,2024-09-01,77.17
112,16,2024-10-01,74.7
112,16,2024-11-01,75.98
112,16,2024-12-01,75.93
112,16,2025-01-01,78.39
112,16,2025-02-01,78.15
112,16,2025-03-01,79.54
112,16,2025-04-01,80.74
112,16,2025-05-01,80.82
112,16,2025-06-01,76.03
112,16,2025-07-01,78.89
112,16,2025-08-01,75.57
